City,PM2.5,PM10,CO,NO2,SO2,O3,Temperature,Humidity,AQI,Category
Delhi,161.7,18.5,1.38,30.7,59.4,96.4,38.5,26.5,102.2,Unhealthy for Sensitive Groups
Delhi,28.0,89.1,2.79,69.5,57.8,99.7,23.4,53.7,72.6,Moderate
Hyderabad,190.9,64.3,2.02,37.0,18.8,108.1,13.3,48.5,128.5,Unhealthy for Sensitive Groups
Hyderabad,152.9,284.4,3.34,66.7,77.9,56.1,27.7,82.2,190.3,Unhealthy
Hyderabad,146.5,249.6,0.4,31.2,24.6,15.8,17.4,27.6,132.6,Unhealthy for Sensitive Groups
Lucknow,44.9,130.8,3.08,85.7,55.3,14.6,30.3,60.1,88.2,Moderate
Hyderabad,98.0,346.4,2.95,69.0,55.4,118.8,34.8,37.2,163.4,Unhealthy
Kolkata,103.3,32.5,4.13,70.2,58.0,33.7,26.0,86.4,109.5,Unhealthy for Sensitive Groups
Patna,69.9,93.9,2.61,35.2,47.6,126.2,22.8,36.4,108.7,Unhealthy for Sensitive Groups
Lucknow,125.9,267.0,3.9,22.6,14.5,96.9,29.1,48.9,168.8,Unhealthy
Mumbai,134.6,340.2,3.9,6.3,58.2,97.0,27.2,40.0,193.4,Unhealthy
Bengaluru,76.9,63.8,0.21,88.0,58.1,136.2,34.4,58.1,67.8,Moderate
Lucknow,211.2,182.6,1.06,48.0,14.6,133.7,39.5,88.9,169.9,Unhealthy
Lucknow,9.8,325.9,3.98,100.6,26.0,12.8,38.1,91.0,123.4,Unhealthy for Sensitive Groups
Chennai,204.9,342.5,2.49,19.5,53.5,132.8,15.3,59.6,217.4,Very Unhealthy
Chennai,232.6,266.8,3.17,87.0,33.1,95.7,21.9,87.5,217.7,Very Unhealthy
Hyderabad,60.1,124.9,2.73,31.5,19.2,14.6,30.2,37.2,99.6,Moderate
Pune,22.4,90.9,3.08,29.6,12.3,131.3,28.3,55.5,80.6,Moderate
Pune,51.7,43.0,2.05,53.7,38.4,103.4,31.5,93.8,56.7,Moderate
Mumbai,183.4,282.2,0.67,27.0,43.8,23.9,15.9,54.7,178.9,Unhealthy
Kolkata,113.6,302.9,2.57,10.8,79.9,117.9,41.0,89.5,174.1,Unhealthy
Bengaluru,104.6,173.7,3.92,108.8,14.8,5.3,22.5,89.5,148.3,Unhealthy for Sensitive Groups
Patna,108.6,335.5,4.48,68.9,58.0,25.9,19.5,92.7,187.7,Unhealthy
Mumbai,19.9,116.6,0.42,59.8,73.7,76.7,11.8,58.1,72.2,Moderate
Jaipur,150.8,239.6,1.21,18.8,71.4,38.2,29.0,66.5,146.2,Unhealthy for Sensitive Groups
Mumbai,143.5,117.6,1.32,82.0,26.5,40.9,14.2,68.4,120.5,Unhealthy for Sensitive Groups
Chennai,7.3,221.2,2.62,16.5,43.9,73.3,14.2,46.2,77.7,Moderate
Bengaluru,95.5,63.6,3.79,85.9,49.7,138.3,30.9,20.6,125.3,Unhealthy for Sensitive Groups
Hyderabad,233.3,45.2,3.98,35.4,71.4,105.2,15.0,41.1,157.8,Unhealthy
Delhi,54.9,225.6,1.34,61.2,72.6,119.2,13.0,51.8,108.5,Unhealthy for Sensitive Groups
Kolkata,86.7,54.5,4.41,23.6,36.5,100.3,27.9,28.4,114.8,Unhealthy for Sensitive Groups
Hyderabad,138.7,293.8,2.7,22.0,11.9,46.6,38.8,79.7,175.8,Unhealthy
Kolkata,56.5,94.8,0.64,94.7,71.0,59.9,29.9,31.6,91.2,Moderate
Chennai,244.2,285.7,3.99,7.9,59.5,49.8,39.8,80.2,233.6,Very Unhealthy
Chennai,70.4,277.7,0.66,105.3,69.0,35.0,36.1,54.5,124.3,Unhealthy for Sensitive Groups
Patna,59.6,234.4,1.91,37.0,7.4,109.4,21.2,58.2,119.9,Unhealthy for Sensitive Groups
Hyderabad,86.1,19.4,3.97,35.0,47.3,137.8,11.2,64.7,89.4,Moderate
Chennai,111.9,344.6,0.7,108.4,16.8,11.0,24.0,59.0,169.7,Unhealthy
Pune,94.2,33.8,3.06,43.0,26.5,119.5,33.0,42.5,86.5,Moderate
Pune,84.9,247.1,2.58,27.1,53.9,56.2,33.9,33.1,135.0,Unhealthy for Sensitive Groups
Lucknow,139.2,10.1,1.43,54.4,47.2,93.4,24.9,53.2,86.5,Moderate
Chennai,199.5,336.3,3.36,80.8,24.1,94.6,29.8,27.0,235.0,Very Unhealthy
Jaipur,169.8,86.4,1.06,7.8,21.1,69.1,37.2,25.5,111.6,Unhealthy for Sensitive Groups
Pune,52.6,246.8,2.33,33.1,53.2,5.7,34.0,77.8,101.8,Unhealthy for Sensitive Groups
Patna,58.6,283.4,3.19,58.4,45.5,128.9,13.9,30.0,143.1,Unhealthy for Sensitive Groups
Kolkata,247.0,212.5,4.29,107.5,49.8,102.1,26.2,82.3,227.3,Very Unhealthy
Mumbai,187.2,171.4,1.31,33.4,51.7,108.4,26.7,67.0,147.5,Unhealthy for Sensitive Groups
Pune,179.8,89.7,1.64,107.7,8.3,25.4,22.3,31.5,126.5,Unhealthy for Sensitive Groups
Jaipur,104.9,194.5,1.99,28.8,34.8,127.2,28.7,72.2,138.5,Unhealthy for Sensitive Groups
Jaipur,98.2,12.0,1.71,91.6,68.6,133.7,23.4,76.1,90.8,Moderate
Kolkata,225.0,176.0,1.37,60.8,32.3,95.3,35.5,74.3,184.8,Unhealthy
Bengaluru,245.3,191.6,4.1,73.1,53.7,16.3,23.7,85.0,197.9,Unhealthy
Delhi,97.9,82.0,1.61,92.5,31.6,106.5,36.6,38.9,88.8,Moderate
Delhi,188.5,27.7,4.29,30.8,7.4,134.2,11.3,22.3,133.1,Unhealthy for Sensitive Groups
Mumbai,157.2,91.1,2.24,18.2,75.9,67.8,18.2,47.7,128.2,Unhealthy for Sensitive Groups
Chennai,195.6,65.7,1.54,71.5,74.5,82.7,39.1,48.1,152.5,Unhealthy
Delhi,23.6,244.8,2.9,16.7,62.3,119.8,29.2,29.1,125.4,Unhealthy for Sensitive Groups
Lucknow,90.1,155.6,1.79,63.2,28.6,119.7,36.3,27.9,127.7,Unhealthy for Sensitive Groups
Jaipur,178.3,158.1,3.36,116.0,23.1,114.1,27.2,56.3,171.9,Unhealthy
Delhi,70.8,299.6,3.77,15.0,70.8,37.9,24.9,65.8,143.9,Unhealthy for Sensitive Groups
Patna,126.1,120.5,2.3,45.8,22.2,42.8,29.1,86.0,118.6,Unhealthy for Sensitive Groups
Mumbai,237.3,39.1,3.3,61.2,61.1,98.2,30.7,56.8,172.7,Unhealthy
Hyderabad,77.1,147.5,1.25,81.4,30.8,79.7,21.0,94.7,103.3,Unhealthy for Sensitive Groups
Chennai,177.2,102.1,1.28,18.9,17.0,21.1,27.1,77.2,111.7,Unhealthy for Sensitive Groups
Bengaluru,186.0,104.0,2.74,92.4,48.5,137.4,36.6,42.2,154.8,Unhealthy
Delhi,8.5,191.6,1.38,117.0,45.2,99.2,14.0,85.1,90.6,Moderate
Mumbai,145.6,169.6,2.09,26.2,6.0,132.0,25.3,81.7,135.3,Unhealthy for Sensitive Groups
Jaipur,146.4,243.4,0.85,98.3,76.0,16.5,17.9,61.9,153.0,Unhealthy
Jaipur,198.7,86.7,2.45,56.8,36.5,121.1,41.7,42.9,154.2,Unhealthy
Pune,240.2,43.7,3.48,76.9,22.6,16.0,17.7,61.4,151.0,Unhealthy
Jaipur,115.4,211.9,1.45,31.6,57.1,99.9,24.5,71.6,145.5,Unhealthy for Sensitive Groups
Bengaluru,167.0,327.4,2.03,67.6,52.5,127.6,36.5,25.4,186.5,Unhealthy
Lucknow,150.8,290.2,4.16,55.5,38.6,46.1,22.9,40.4,189.5,Unhealthy
Delhi,24.7,23.6,2.06,42.1,21.5,17.3,40.8,82.7,45.0,Good
Jaipur,249.9,238.6,1.36,9.6,61.0,68.5,30.8,88.7,184.5,Unhealthy
Lucknow,111.8,286.8,4.37,59.1,33.9,48.3,13.3,32.1,169.3,Unhealthy
Patna,75.6,331.4,3.7,68.3,37.5,47.5,20.3,92.8,160.2,Unhealthy
Delhi,207.1,10.4,3.94,58.1,6.2,75.0,29.9,57.4,140.0,Unhealthy for Sensitive Groups
Kolkata,54.9,196.7,4.19,55.4,56.5,21.4,41.1,65.7,113.9,Unhealthy for Sensitive Groups
Bengaluru,81.1,14.6,1.95,30.8,67.6,20.3,40.3,68.6,56.8,Moderate
Kolkata,129.7,103.0,3.79,117.7,21.0,79.4,22.3,89.1,139.6,Unhealthy for Sensitive Groups
Jaipur,216.7,103.9,3.6,52.7,74.9,73.5,36.3,41.2,165.3,Unhealthy
Chennai,147.1,234.4,3.92,56.4,39.8,49.9,34.4,48.3,184.3,Unhealthy
Kolkata,245.3,91.2,1.85,103.4,34.0,48.0,25.1,88.5,166.0,Unhealthy
Kolkata,126.4,22.6,2.36,72.9,69.8,123.0,24.1,59.4,105.2,Unhealthy for Sensitive Groups
Patna,105.4,232.6,0.86,59.0,77.6,50.7,32.2,68.7,141.6,Unhealthy for Sensitive Groups
Chennai,98.1,117.7,3.29,92.3,70.0,9.8,12.2,67.3,132.6,Unhealthy for Sensitive Groups
Delhi,188.0,157.6,0.62,77.9,70.1,64.9,32.2,87.8,137.2,Unhealthy for Sensitive Groups
Jaipur,76.9,137.4,0.83,66.1,46.1,112.0,15.4,25.9,108.2,Unhealthy for Sensitive Groups
Bengaluru,172.4,179.2,2.71,31.7,51.8,67.0,31.3,87.4,156.6,Unhealthy
Chennai,171.0,63.7,2.1,44.7,47.8,91.3,23.6,38.8,137.0,Unhealthy for Sensitive Groups
Pune,249.8,300.1,0.66,48.9,30.0,44.9,32.4,21.6,215.5,Very Unhealthy
Chennai,72.2,202.4,3.15,90.6,5.8,86.9,25.9,87.8,122.0,Unhealthy for Sensitive Groups
Delhi,153.7,129.8,2.94,76.4,54.9,102.3,31.1,82.9,152.0,Unhealthy
Patna,80.7,159.9,2.69,89.2,9.0,44.8,33.9,33.2,104.0,Unhealthy for Sensitive Groups
Hyderabad,219.7,134.4,2.36,36.3,14.8,128.4,40.2,92.6,160.8,Unhealthy
Patna,202.0,169.2,0.52,91.7,19.6,96.3,31.6,49.8,169.8,Unhealthy
Hyderabad,94.6,278.8,0.26,66.7,37.5,95.8,31.5,63.8,143.7,Unhealthy for Sensitive Groups
Bengaluru,31.5,89.5,0.31,106.7,45.8,128.6,17.1,24.7,77.4,Moderate
Hyderabad,164.1,49.7,0.39,9.3,79.7,20.7,17.5,60.3,95.3,Moderate
Pune,169.3,262.7,4.27,53.2,59.9,25.9,23.3,27.4,190.3,Unhealthy
Hyderabad,235.1,105.1,3.17,30.0,36.7,36.9,21.6,93.6,163.5,Unhealthy
Delhi,19.8,103.8,4.36,114.1,66.3,17.4,16.8,68.0,107.5,Unhealthy for Sensitive Groups
Hyderabad,197.8,92.8,0.74,69.9,7.4,108.3,16.6,36.2,147.9,Unhealthy for Sensitive Groups
Delhi,194.7,278.1,2.76,36.9,78.8,138.3,27.3,79.9,189.0,Unhealthy
Mumbai,37.3,131.8,3.59,72.7,3.2,40.8,14.1,51.6,80.9,Moderate
Patna,121.7,274.5,2.41,17.5,41.3,132.6,11.4,78.7,168.9,Unhealthy
Mumbai,78.9,228.7,0.33,119.8,68.1,62.5,13.5,73.4,121.4,Unhealthy for Sensitive Groups
Patna,83.9,60.4,0.74,76.8,47.7,101.1,22.2,64.8,75.0,Moderate
Chennai,153.3,43.7,3.22,103.1,52.8,108.8,33.1,36.1,131.5,Unhealthy for Sensitive Groups
Lucknow,106.4,291.3,1.91,88.9,26.4,47.2,18.2,91.5,160.3,Unhealthy
Hyderabad,21.4,292.8,0.6,16.1,59.6,114.6,27.8,64.0,104.7,Unhealthy for Sensitive Groups
Mumbai,169.2,149.7,3.96,113.2,35.0,128.6,11.6,41.6,168.4,Unhealthy
Pune,146.6,82.3,3.02,30.8,10.4,119.1,21.8,77.2,126.7,Unhealthy for Sensitive Groups
Kolkata,212.1,341.3,3.72,75.6,52.1,8.5,39.7,82.2,219.7,Very Unhealthy
Delhi,72.0,269.2,4.16,45.4,16.1,24.3,31.0,25.2,150.0,Unhealthy for Sensitive Groups
Delhi,27.5,190.4,1.82,57.2,14.3,47.1,20.4,90.6,90.4,Moderate
Patna,43.1,266.5,0.41,14.4,36.6,62.2,29.4,51.1,90.2,Moderate
Delhi,32.9,156.2,1.42,83.0,40.0,95.1,11.5,49.6,90.5,Moderate
Patna,55.1,331.4,3.5,92.9,24.6,21.2,25.9,52.3,141.9,Unhealthy for Sensitive Groups
Hyderabad,177.4,180.1,3.78,97.7,7.6,121.3,11.4,21.4,191.5,Unhealthy
Hyderabad,146.1,205.0,3.25,53.0,11.0,7.8,20.4,80.1,155.9,Unhealthy
Kolkata,26.6,297.1,1.25,72.7,42.9,58.4,19.9,45.5,109.7,Unhealthy for Sensitive Groups
Mumbai,23.7,225.3,2.48,27.3,62.5,52.4,40.7,68.4,89.0,Moderate
Jaipur,40.9,77.1,2.79,92.4,53.1,28.9,34.7,57.1,87.8,Moderate
Lucknow,115.0,324.2,2.63,78.1,50.7,121.7,30.1,31.3,165.2,Unhealthy
Mumbai,159.7,280.8,2.74,45.5,7.8,67.3,11.2,47.7,169.8,Unhealthy
Hyderabad,155.7,182.4,2.19,68.7,63.8,125.9,24.4,80.7,162.0,Unhealthy
Delhi,153.2,180.5,4.32,56.8,65.3,118.0,41.4,26.3,175.0,Unhealthy
Jaipur,65.7,158.8,2.09,65.1,14.4,55.3,19.1,50.7,95.9,Moderate
Jaipur,17.8,224.5,1.64,42.9,45.5,57.2,18.1,83.9,105.3,Unhealthy for Sensitive Groups
Mumbai,219.0,123.3,2.71,21.3,29.3,135.6,32.4,49.4,168.9,Unhealthy
Pune,80.8,138.1,3.6,98.5,54.3,116.9,33.6,71.4,127.8,Unhealthy for Sensitive Groups
Bengaluru,129.6,16.2,1.53,114.4,28.7,108.4,16.1,95.0,91.3,Moderate
Pune,211.9,44.4,3.51,101.0,70.9,10.1,20.8,77.5,145.0,Unhealthy for Sensitive Groups
Lucknow,42.8,71.5,3.18,76.8,72.4,102.4,11.4,47.3,93.6,Moderate
Jaipur,154.6,265.8,3.57,31.9,20.7,135.4,35.1,87.8,171.3,Unhealthy
Bengaluru,246.2,167.0,1.41,48.9,43.1,135.4,36.1,80.1,173.2,Unhealthy
Lucknow,17.8,173.4,1.8,112.4,57.5,74.6,14.0,26.3,82.3,Moderate
Patna,226.8,60.1,2.08,113.8,19.3,65.9,21.2,22.0,143.5,Unhealthy for Sensitive Groups
Delhi,96.6,141.3,0.55,30.8,26.9,18.4,32.9,45.1,80.6,Moderate
Kolkata,75.3,292.1,3.19,21.0,57.0,65.6,10.2,25.9,137.4,Unhealthy for Sensitive Groups
Lucknow,139.5,257.3,2.47,17.8,24.5,45.7,11.5,51.5,163.5,Unhealthy
Hyderabad,20.4,294.5,2.35,66.6,51.3,82.6,33.0,41.8,106.5,Unhealthy for Sensitive Groups
Patna,63.9,151.6,3.06,14.8,78.0,14.1,26.8,58.0,115.2,Unhealthy for Sensitive Groups
Mumbai,10.0,306.9,0.39,49.5,31.1,105.9,21.4,25.1,93.9,Moderate
Lucknow,194.0,260.0,1.63,10.1,44.6,114.8,15.6,78.4,177.4,Unhealthy
Bengaluru,159.8,285.9,0.47,94.3,37.7,44.6,11.4,35.0,153.7,Unhealthy
Hyderabad,131.3,346.3,2.54,34.1,60.8,30.8,21.4,78.6,189.1,Unhealthy
Hyderabad,71.9,281.8,2.08,51.0,36.3,134.1,20.8,34.0,145.1,Unhealthy for Sensitive Groups
Mumbai,231.5,186.6,3.64,88.6,8.2,86.3,36.3,60.9,194.6,Unhealthy
Jaipur,85.3,110.5,2.12,87.5,15.0,64.9,24.3,74.5,114.2,Unhealthy for Sensitive Groups
Delhi,249.5,103.3,4.41,114.0,7.9,91.1,21.6,80.1,202.9,Very Unhealthy
Jaipur,40.0,216.6,3.56,9.0,7.2,110.1,21.7,48.7,112.3,Unhealthy for Sensitive Groups
Mumbai,42.6,163.0,1.8,56.1,8.0,23.6,21.7,43.6,78.4,Moderate
Lucknow,11.3,73.3,2.43,110.1,11.2,109.6,32.5,36.1,71.3,Moderate
Hyderabad,54.0,56.1,0.52,24.9,57.6,139.6,35.9,92.6,75.2,Moderate
Chennai,178.8,197.0,1.45,39.5,14.3,100.8,32.4,33.1,151.3,Unhealthy
Jaipur,34.7,78.3,0.8,95.9,4.1,79.8,21.8,80.3,63.4,Moderate
Hyderabad,221.6,32.4,1.91,87.4,39.3,60.5,23.1,63.1,132.3,Unhealthy for Sensitive Groups
Pune,162.4,163.0,3.12,44.6,70.5,110.3,30.5,33.6,172.8,Unhealthy
Patna,128.2,305.2,3.77,64.6,25.7,26.9,39.9,36.9,191.2,Unhealthy
Kolkata,224.3,297.6,1.28,78.0,45.0,21.9,19.7,60.0,202.5,Very Unhealthy
Mumbai,150.0,207.4,0.94,76.8,72.4,50.6,39.6,23.1,158.6,Unhealthy
Bengaluru,16.1,228.1,2.68,79.9,61.8,61.2,30.4,57.4,110.7,Unhealthy for Sensitive Groups
Lucknow,162.3,112.7,1.25,97.8,33.7,66.2,32.0,31.9,130.7,Unhealthy for Sensitive Groups
Patna,55.0,216.3,1.54,87.6,59.3,121.2,41.2,29.8,113.6,Unhealthy for Sensitive Groups
Kolkata,31.0,92.2,0.73,56.7,13.0,11.8,40.3,84.8,50.8,Moderate
Mumbai,204.3,327.5,3.3,26.8,14.4,139.5,24.9,85.9,215.1,Very Unhealthy
Lucknow,236.6,181.9,4.36,29.7,29.5,11.8,25.8,86.2,199.1,Unhealthy
Patna,75.0,12.8,0.66,20.4,22.6,54.4,22.9,23.4,37.4,Good
Mumbai,52.7,198.1,0.52,63.0,61.6,42.8,41.7,71.0,83.3,Moderate
Kolkata,101.5,280.3,1.66,113.0,60.9,31.9,26.3,57.5,139.4,Unhealthy for Sensitive Groups
Jaipur,179.8,283.3,2.43,22.1,71.7,23.9,39.8,43.9,178.7,Unhealthy
Mumbai,186.1,111.7,1.65,100.3,43.5,100.7,19.6,81.2,146.5,Unhealthy for Sensitive Groups
Jaipur,245.1,208.5,3.63,88.4,55.7,8.6,25.2,92.5,218.3,Very Unhealthy
Delhi,146.5,255.3,2.71,24.6,51.1,88.7,36.9,31.1,170.8,Unhealthy
Lucknow,145.3,248.2,1.02,55.7,34.7,60.7,16.5,57.6,154.3,Unhealthy
Kolkata,218.8,260.2,0.47,20.9,18.2,48.9,31.2,59.4,169.7,Unhealthy
Chennai,117.6,191.3,2.55,82.7,69.7,96.9,35.7,39.8,145.4,Unhealthy for Sensitive Groups
Patna,73.4,111.5,4.25,118.0,62.2,100.2,32.1,56.7,124.0,Unhealthy for Sensitive Groups
Kolkata,233.8,280.4,1.38,19.0,54.8,56.3,41.4,81.4,211.2,Very Unhealthy
Patna,76.2,107.8,3.27,44.8,36.5,39.6,25.3,35.2,101.0,Unhealthy for Sensitive Groups
Pune,175.6,56.7,2.85,72.5,20.9,95.4,27.0,67.8,121.8,Unhealthy for Sensitive Groups
Lucknow,85.9,170.6,3.13,20.8,77.2,137.0,15.1,69.0,136.7,Unhealthy for Sensitive Groups
Delhi,122.0,77.8,4.34,41.9,52.4,127.6,12.9,63.1,129.5,Unhealthy for Sensitive Groups
Bengaluru,228.7,69.5,3.99,25.2,73.7,139.6,22.7,57.2,184.8,Unhealthy
Kolkata,219.8,13.2,2.64,17.3,78.7,43.4,41.7,60.7,135.1,Unhealthy for Sensitive Groups
Bengaluru,213.5,169.1,1.03,18.0,14.7,67.0,18.2,34.0,162.3,Unhealthy
Kolkata,144.1,267.5,0.95,103.5,72.0,116.6,26.5,26.5,173.8,Unhealthy
Jaipur,245.5,172.3,4.22,5.8,31.9,65.3,18.5,44.7,197.8,Unhealthy
Bengaluru,7.8,232.3,3.18,12.1,11.2,46.4,23.0,57.7,104.8,Unhealthy for Sensitive Groups
Hyderabad,174.1,227.2,4.24,47.3,19.2,134.2,25.3,54.1,201.8,Very Unhealthy
Mumbai,106.9,196.7,2.22,66.8,53.8,34.5,17.9,76.6,143.0,Unhealthy for Sensitive Groups
Kolkata,133.7,189.6,1.76,110.5,10.8,116.9,38.9,35.2,148.4,Unhealthy for Sensitive Groups
Patna,85.4,186.9,0.7,28.6,47.5,17.3,26.3,80.7,98.7,Moderate
Mumbai,106.8,201.7,2.6,82.4,26.0,7.9,18.1,20.2,125.8,Unhealthy for Sensitive Groups
Kolkata,16.1,127.1,0.47,119.3,74.9,14.3,39.9,22.4,64.9,Moderate
Patna,192.6,342.6,2.98,53.3,79.4,56.6,37.8,88.0,210.7,Very Unhealthy
Bengaluru,37.6,302.5,0.71,119.2,32.7,22.2,41.3,82.6,128.0,Unhealthy for Sensitive Groups
Mumbai,118.4,254.5,2.02,48.6,19.9,67.2,15.0,34.1,157.9,Unhealthy
Delhi,12.9,234.5,2.84,112.7,71.3,37.5,12.2,64.5,110.8,Unhealthy for Sensitive Groups
Jaipur,65.0,25.0,2.09,67.1,60.8,109.8,14.5,94.5,66.9,Moderate
Delhi,83.1,213.3,3.09,41.9,25.5,24.3,31.1,36.6,119.5,Unhealthy for Sensitive Groups
Pune,141.4,211.2,3.36,25.1,54.9,80.0,11.5,45.8,161.4,Unhealthy
Kolkata,197.5,118.4,1.99,22.2,31.4,106.8,25.2,83.7,141.7,Unhealthy for Sensitive Groups
Lucknow,202.4,321.0,2.62,116.3,45.5,23.1,17.8,35.3,219.4,Very Unhealthy
Jaipur,212.5,41.4,3.32,26.9,22.9,95.9,29.3,85.5,135.8,Unhealthy for Sensitive Groups
Mumbai,182.5,200.0,2.26,105.0,28.0,134.2,10.5,90.3,191.5,Unhealthy
Lucknow,188.0,266.5,4.13,85.0,56.9,58.5,17.7,44.1,199.2,Unhealthy
Chennai,135.7,132.1,1.32,64.0,40.8,18.3,41.4,55.2,129.0,Unhealthy for Sensitive Groups
Kolkata,95.8,150.7,2.62,30.4,13.4,40.2,39.9,63.4,107.7,Unhealthy for Sensitive Groups
Lucknow,53.1,88.2,2.65,33.3,45.0,132.4,20.8,77.3,84.7,Moderate
Patna,117.9,259.1,1.71,21.1,44.6,29.8,38.5,94.3,154.0,Unhealthy
Delhi,13.3,297.9,4.26,81.8,61.6,60.7,37.0,37.4,142.2,Unhealthy for Sensitive Groups
Pune,58.6,165.0,0.46,78.3,74.8,128.2,31.1,21.2,99.0,Moderate
Mumbai,7.9,190.0,1.38,117.4,3.3,114.8,31.6,80.5,100.3,Unhealthy for Sensitive Groups
Lucknow,229.9,188.3,1.24,76.3,21.7,52.8,35.4,25.9,191.1,Unhealthy
Pune,143.4,346.7,1.17,83.7,68.1,93.3,37.5,77.0,172.9,Unhealthy
Mumbai,97.4,171.8,2.94,85.8,8.4,119.1,30.6,44.8,146.5,Unhealthy for Sensitive Groups
Bengaluru,224.2,322.5,1.19,108.6,56.0,81.5,18.7,89.3,223.0,Very Unhealthy
Pune,225.3,201.6,0.34,111.8,26.5,134.8,28.8,76.4,189.2,Unhealthy
Mumbai,232.6,111.8,2.63,70.2,68.3,96.4,27.3,48.8,183.6,Unhealthy
Hyderabad,127.7,341.3,0.43,55.3,67.4,51.0,34.6,91.6,160.4,Unhealthy
Mumbai,12.3,102.9,4.47,61.4,29.8,132.1,23.8,71.0,92.7,Moderate
Hyderabad,194.2,110.4,1.26,13.5,22.9,56.3,35.1,31.6,129.6,Unhealthy for Sensitive Groups
Pune,31.1,11.8,1.53,46.4,23.0,22.9,16.0,53.7,41.2,Good
Patna,30.3,40.5,2.58,73.6,63.2,121.6,10.4,51.0,77.4,Moderate
Pune,226.8,342.6,2.66,24.5,31.7,23.7,19.6,57.0,203.8,Very Unhealthy
Kolkata,72.6,111.9,3.57,46.5,75.6,102.3,25.9,66.3,108.1,Unhealthy for Sensitive Groups
Jaipur,79.6,332.6,1.63,76.3,64.7,49.5,20.7,81.2,162.9,Unhealthy
Lucknow,38.4,119.0,4.27,28.1,26.5,135.2,41.0,41.9,102.8,Unhealthy for Sensitive Groups
Kolkata,242.1,275.9,1.6,37.2,63.3,54.3,39.8,35.0,220.1,Very Unhealthy
Pune,172.0,197.0,4.3,58.1,57.3,64.2,19.3,72.0,188.4,Unhealthy
Jaipur,169.9,57.3,1.5,34.1,14.0,62.1,22.1,53.7,116.3,Unhealthy for Sensitive Groups
Mumbai,103.2,182.2,4.16,84.5,44.4,111.7,21.5,87.2,150.4,Unhealthy
Hyderabad,31.8,94.4,3.06,24.1,49.8,81.0,30.6,68.5,89.7,Moderate
Pune,241.6,156.4,0.25,34.8,41.8,75.0,28.6,63.1,162.0,Unhealthy
Kolkata,118.5,241.0,3.17,22.3,79.8,70.2,19.5,89.0,141.2,Unhealthy for Sensitive Groups
Delhi,90.3,126.6,3.57,64.9,29.2,18.2,33.1,53.9,101.2,Unhealthy for Sensitive Groups
Kolkata,203.5,49.1,3.85,79.5,54.8,27.2,41.5,38.3,143.1,Unhealthy for Sensitive Groups
Chennai,86.1,155.0,2.19,96.7,51.1,30.2,31.0,49.7,122.8,Unhealthy for Sensitive Groups
Patna,115.1,156.0,0.22,29.7,23.7,100.0,35.5,63.3,114.9,Unhealthy for Sensitive Groups
Jaipur,50.8,120.8,2.17,35.2,69.3,76.2,30.5,64.8,89.9,Moderate
Hyderabad,33.0,129.7,2.17,24.8,54.5,113.1,39.4,64.3,85.8,Moderate
Patna,33.9,113.8,0.99,84.7,41.8,61.5,14.4,48.8,62.6,Moderate
Hyderabad,174.9,229.4,4.5,68.8,40.2,23.9,20.1,53.8,173.9,Unhealthy
Lucknow,238.2,174.8,1.04,49.2,45.8,93.2,23.1,56.9,183.1,Unhealthy
Lucknow,124.7,38.1,0.33,92.5,24.8,42.1,27.2,32.6,85.8,Moderate
Patna,139.7,48.5,0.69,94.1,66.2,54.5,36.3,23.1,110.3,Unhealthy for Sensitive Groups
Mumbai,58.5,154.6,3.36,80.2,21.3,123.1,11.0,39.7,125.1,Unhealthy for Sensitive Groups
Kolkata,112.6,347.9,3.54,32.2,65.2,84.4,21.2,73.3,185.9,Unhealthy
Bengaluru,156.0,276.8,3.7,97.6,46.5,76.9,29.1,32.6,207.1,Very Unhealthy
Bengaluru,75.9,100.9,3.89,118.3,55.0,17.9,40.8,78.9,126.5,Unhealthy for Sensitive Groups
Jaipur,217.4,53.1,3.92,33.7,57.5,116.8,34.4,70.7,160.0,Unhealthy
Hyderabad,159.9,223.5,1.81,13.7,64.0,108.8,22.9,76.2,162.9,Unhealthy
Mumbai,116.4,175.9,2.7,104.9,68.1,17.6,41.1,67.6,146.3,Unhealthy for Sensitive Groups
Lucknow,199.9,145.2,4.36,99.9,40.6,48.6,19.1,61.0,171.7,Unhealthy
Lucknow,198.1,314.0,3.48,10.3,50.8,118.0,10.5,89.7,199.1,Unhealthy
Hyderabad,5.2,335.7,1.07,84.2,12.3,92.7,15.1,90.0,108.1,Unhealthy for Sensitive Groups
Mumbai,66.3,136.4,4.09,24.0,32.9,46.2,32.4,37.6,110.8,Unhealthy for Sensitive Groups
Pune,5.3,172.1,0.77,31.0,55.0,6.3,32.3,81.3,75.7,Moderate
Kolkata,175.0,172.4,1.18,15.3,64.9,18.9,21.8,42.4,136.6,Unhealthy for Sensitive Groups
Pune,162.2,240.2,0.49,69.8,49.6,27.2,21.2,36.0,160.8,Unhealthy
Kolkata,155.9,160.4,1.13,108.1,12.9,21.6,33.4,46.4,135.9,Unhealthy for Sensitive Groups
Bengaluru,65.7,229.2,1.27,74.1,58.3,43.5,40.1,22.0,126.3,Unhealthy for Sensitive Groups
Chennai,55.3,216.4,1.01,50.1,52.4,110.8,35.4,38.0,103.1,Unhealthy for Sensitive Groups
Hyderabad,127.4,211.9,2.47,117.4,79.0,131.1,14.2,84.6,165.2,Unhealthy
Pune,138.9,68.7,2.23,118.5,7.7,84.3,10.4,36.2,134.5,Unhealthy for Sensitive Groups
Bengaluru,129.1,223.7,2.35,52.8,56.7,16.1,27.2,66.2,139.7,Unhealthy for Sensitive Groups
Bengaluru,24.4,323.1,4.39,22.9,27.5,84.2,34.4,68.7,142.7,Unhealthy for Sensitive Groups
Kolkata,176.2,258.2,3.84,11.7,8.7,63.7,24.5,65.7,175.7,Unhealthy
Kolkata,34.3,250.7,3.22,23.8,76.3,75.6,35.1,74.1,108.8,Unhealthy for Sensitive Groups
Jaipur,188.7,307.0,3.35,18.6,72.2,50.2,23.7,59.3,193.4,Unhealthy
Mumbai,158.7,178.7,2.4,11.4,69.0,27.5,15.0,78.0,156.3,Unhealthy
Delhi,61.0,183.0,0.39,104.2,21.1,68.7,22.3,31.3,111.4,Unhealthy for Sensitive Groups
Hyderabad,140.5,320.7,3.38,53.2,27.1,61.2,33.0,40.3,172.2,Unhealthy
Bengaluru,34.3,238.9,0.43,30.7,42.2,11.2,22.8,85.8,98.3,Moderate
Lucknow,85.2,198.1,0.23,28.1,46.0,46.0,29.9,54.8,103.6,Unhealthy for Sensitive Groups
Delhi,249.5,273.8,3.35,67.9,64.1,25.3,39.8,21.8,225.9,Very Unhealthy
Delhi,238.0,10.5,3.03,102.6,58.7,19.0,27.0,37.9,155.1,Unhealthy
Mumbai,243.3,58.4,1.4,10.0,20.1,119.1,23.2,87.2,145.5,Unhealthy for Sensitive Groups
Hyderabad,147.3,181.8,2.94,50.4,48.2,13.4,31.2,29.8,141.4,Unhealthy for Sensitive Groups
Mumbai,231.9,143.6,3.78,42.5,37.3,36.5,40.2,30.2,190.5,Unhealthy
Mumbai,43.1,65.9,2.2,51.7,43.8,135.2,16.6,43.1,67.1,Moderate
Hyderabad,27.2,284.6,1.51,86.0,49.1,34.0,37.4,31.1,121.0,Unhealthy for Sensitive Groups
Mumbai,102.1,26.6,1.49,99.3,15.6,133.5,37.3,61.7,91.5,Moderate
Mumbai,118.2,283.3,0.8,6.4,66.8,137.6,14.2,81.8,142.5,Unhealthy for Sensitive Groups
Hyderabad,147.7,98.0,3.69,7.5,7.0,126.8,24.2,29.7,143.2,Unhealthy for Sensitive Groups
Hyderabad,35.0,330.4,0.42,111.3,35.8,102.8,25.9,48.7,126.3,Unhealthy for Sensitive Groups
Patna,57.6,73.6,1.4,106.6,4.7,88.6,17.9,42.1,75.4,Moderate
Delhi,122.4,39.8,1.85,53.2,52.1,112.6,18.0,94.6,101.2,Unhealthy for Sensitive Groups
Hyderabad,247.4,275.9,1.74,67.6,39.8,128.2,26.1,49.1,206.9,Very Unhealthy
Kolkata,151.3,20.0,3.69,37.3,65.1,68.7,21.4,63.8,110.2,Unhealthy for Sensitive Groups
Pune,29.5,233.3,1.35,98.9,73.5,12.5,41.9,36.5,114.4,Unhealthy for Sensitive Groups
Hyderabad,91.9,295.3,3.83,25.3,48.2,113.8,32.3,88.5,147.3,Unhealthy for Sensitive Groups
Mumbai,237.2,201.6,2.62,26.6,79.1,124.0,25.8,43.2,196.8,Unhealthy
Hyderabad,18.8,214.6,0.29,60.0,27.9,87.9,35.8,45.6,72.1,Moderate
Pune,19.6,60.2,3.23,21.3,10.7,76.0,21.7,25.4,65.2,Moderate
Patna,148.6,124.4,1.59,117.2,59.1,64.0,30.5,56.5,132.0,Unhealthy for Sensitive Groups
Delhi,174.9,325.8,3.58,30.7,47.9,28.7,19.8,71.6,188.1,Unhealthy
Chennai,237.5,332.6,1.88,119.3,77.3,9.4,29.3,89.1,243.8,Very Unhealthy
Hyderabad,161.7,45.4,2.33,43.1,8.1,51.8,20.2,67.7,127.4,Unhealthy for Sensitive Groups
Kolkata,114.4,100.2,1.27,12.8,22.0,19.6,10.0,48.9,98.7,Moderate
Kolkata,221.7,177.6,1.83,67.8,9.9,69.7,37.6,68.8,180.3,Unhealthy
Mumbai,115.6,281.7,0.34,7.3,22.4,19.1,20.9,86.6,119.2,Unhealthy for Sensitive Groups
Pune,139.0,315.4,0.6,73.3,49.9,70.2,11.0,90.7,156.1,Unhealthy
Chennai,43.5,44.4,1.08,26.8,56.4,102.5,33.4,39.9,48.5,Good
Lucknow,28.5,143.6,2.56,61.5,6.3,5.5,12.8,81.8,83.1,Moderate
Bengaluru,53.9,18.8,0.93,38.6,8.4,118.9,19.9,49.8,50.9,Moderate
Bengaluru,27.3,195.0,0.99,106.8,30.8,65.2,18.4,54.9,83.8,Moderate
Delhi,143.2,61.4,3.19,16.1,54.1,114.1,23.2,76.7,111.9,Unhealthy for Sensitive Groups
Delhi,211.0,288.3,2.0,66.6,69.6,69.1,38.2,55.7,190.8,Unhealthy
Chennai,128.0,316.2,3.64,82.9,50.4,21.2,34.2,33.0,198.3,Unhealthy
Mumbai,203.1,52.9,2.02,118.7,36.0,139.6,30.1,82.6,144.0,Unhealthy for Sensitive Groups
Pune,26.3,199.2,2.57,103.5,42.5,128.8,10.4,72.5,112.8,Unhealthy for Sensitive Groups
Patna,32.6,60.9,2.64,72.0,77.3,18.5,13.4,78.5,77.9,Moderate
Pune,220.6,308.5,1.34,80.3,46.6,68.9,15.5,50.2,211.3,Very Unhealthy
Bengaluru,14.5,312.5,1.63,32.3,60.2,129.3,38.7,21.5,125.9,Unhealthy for Sensitive Groups
Hyderabad,81.2,296.6,3.89,83.8,77.9,35.8,19.6,75.8,171.3,Unhealthy
Delhi,71.0,151.7,2.98,26.6,18.5,116.2,33.7,77.0,118.3,Unhealthy for Sensitive Groups
Chennai,131.2,64.1,1.54,63.3,12.6,119.9,38.1,22.2,97.1,Moderate
Mumbai,210.1,94.8,2.16,110.6,57.0,42.0,36.4,57.9,163.7,Unhealthy
Bengaluru,171.9,92.3,2.3,56.3,76.9,69.1,27.6,45.8,148.4,Unhealthy for Sensitive Groups
Chennai,188.5,244.2,1.43,49.5,14.7,82.3,40.9,84.3,176.1,Unhealthy
Delhi,70.9,149.2,0.29,94.7,61.9,6.2,39.2,68.6,94.2,Moderate
Chennai,59.8,216.8,4.25,87.0,57.3,42.2,38.7,83.9,134.5,Unhealthy for Sensitive Groups
Jaipur,119.3,240.2,3.74,50.7,10.0,74.1,31.2,83.2,153.5,Unhealthy
Bengaluru,154.2,111.5,0.66,12.3,79.1,91.5,37.6,39.6,123.5,Unhealthy for Sensitive Groups
Delhi,51.1,185.9,1.23,11.5,68.9,114.4,22.9,44.0,83.8,Moderate
Chennai,165.6,349.1,1.32,53.1,32.3,9.8,32.7,62.9,174.3,Unhealthy
Bengaluru,173.1,227.0,2.25,113.2,30.0,45.5,15.4,69.3,177.0,Unhealthy
Hyderabad,28.9,53.5,1.31,98.0,61.5,29.7,31.8,45.2,46.2,Good
Jaipur,59.7,306.3,2.01,107.0,31.0,84.1,24.8,28.8,130.5,Unhealthy for Sensitive Groups
Kolkata,147.2,221.0,2.23,27.4,11.3,96.9,27.0,51.0,162.3,Unhealthy
Lucknow,38.7,78.1,1.96,70.5,72.7,66.8,20.1,73.7,82.1,Moderate
Mumbai,86.5,345.5,1.55,11.7,37.3,33.3,34.8,63.2,134.5,Unhealthy for Sensitive Groups
Hyderabad,36.7,157.5,2.05,54.3,39.2,5.6,27.1,74.8,97.5,Moderate
Patna,190.4,190.6,0.28,5.5,59.2,35.5,38.1,43.4,131.7,Unhealthy for Sensitive Groups
Kolkata,149.2,66.8,3.74,39.3,24.7,103.3,29.1,45.3,140.5,Unhealthy for Sensitive Groups
Kolkata,89.0,316.5,1.74,26.7,76.0,129.0,22.9,37.1,159.0,Unhealthy
Jaipur,56.7,17.5,2.37,19.2,57.5,111.9,22.0,68.0,72.3,Moderate
Lucknow,16.9,348.2,3.05,80.2,3.5,98.1,23.3,48.5,139.7,Unhealthy for Sensitive Groups
Pune,177.0,79.9,3.15,6.1,34.8,18.6,26.6,66.7,135.8,Unhealthy for Sensitive Groups
Patna,208.5,45.7,3.29,18.5,10.9,19.3,16.4,35.0,129.5,Unhealthy for Sensitive Groups
Delhi,243.4,131.7,1.96,23.4,44.8,127.9,32.0,56.0,166.2,Unhealthy
Bengaluru,169.6,318.3,3.79,81.9,13.6,17.2,26.4,74.3,188.8,Unhealthy
Hyderabad,162.9,165.3,4.4,35.4,5.9,114.8,38.0,83.9,159.5,Unhealthy
Jaipur,109.4,49.4,3.86,107.4,2.8,23.7,30.7,44.6,122.3,Unhealthy for Sensitive Groups
Lucknow,70.7,259.2,1.8,44.4,10.9,59.0,24.6,82.7,128.4,Unhealthy for Sensitive Groups
Jaipur,201.0,230.6,3.63,18.0,56.3,12.9,40.2,32.0,182.7,Unhealthy
Kolkata,123.3,203.4,2.08,75.3,62.8,87.5,37.6,86.0,152.2,Unhealthy
Jaipur,123.4,176.0,4.02,55.7,6.9,93.4,10.4,85.1,147.9,Unhealthy for Sensitive Groups
Lucknow,182.3,86.2,4.31,105.4,42.5,97.9,29.8,52.5,170.9,Unhealthy
Lucknow,89.7,239.9,1.85,101.5,45.6,138.4,11.7,68.3,133.4,Unhealthy for Sensitive Groups
Pune,213.7,305.6,0.52,61.5,20.8,136.0,11.6,36.7,201.4,Very Unhealthy
Delhi,205.2,36.8,2.11,70.9,8.9,72.3,20.1,93.6,142.2,Unhealthy for Sensitive Groups
Chennai,30.1,150.2,2.6,5.0,9.1,86.6,29.8,42.8,79.7,Moderate
Hyderabad,165.4,165.1,1.67,99.9,65.7,119.0,20.6,77.6,160.6,Unhealthy
Mumbai,180.4,48.8,3.47,30.5,28.6,117.0,40.9,41.9,136.9,Unhealthy for Sensitive Groups
Pune,16.2,65.8,0.8,87.4,58.3,19.4,29.5,34.1,62.2,Moderate
Lucknow,57.8,290.3,1.02,43.9,61.1,11.3,30.3,70.4,107.7,Unhealthy for Sensitive Groups
Patna,117.1,210.4,2.37,115.8,2.3,104.4,27.7,52.5,151.7,Unhealthy
Pune,196.4,319.5,3.17,25.0,65.6,19.0,31.0,65.5,198.6,Unhealthy
Jaipur,107.6,217.1,3.18,33.5,33.0,51.3,19.4,80.4,128.5,Unhealthy for Sensitive Groups
Jaipur,176.5,264.5,1.49,85.7,69.1,101.1,39.9,67.4,174.0,Unhealthy
Mumbai,180.0,243.4,4.16,20.3,57.4,136.6,15.7,60.7,196.4,Unhealthy
Pune,191.4,201.2,2.71,113.4,57.4,96.0,38.6,60.0,197.8,Unhealthy
Bengaluru,203.0,187.7,0.31,21.7,54.3,32.0,34.0,32.1,144.2,Unhealthy for Sensitive Groups
Patna,40.9,31.1,3.57,28.5,44.2,53.4,24.5,66.2,71.6,Moderate
Pune,216.9,262.4,2.61,32.3,63.2,112.8,19.2,69.8,214.7,Very Unhealthy
Lucknow,107.1,278.0,3.15,116.1,6.2,105.4,16.5,85.2,179.0,Unhealthy
Bengaluru,208.3,319.9,3.23,79.5,60.9,78.8,29.3,78.2,235.8,Very Unhealthy
Kolkata,115.0,344.4,0.52,115.7,59.3,21.1,11.3,40.9,158.5,Unhealthy
Jaipur,148.1,96.7,1.62,86.6,14.1,25.7,20.3,23.8,132.7,Unhealthy for Sensitive Groups
Patna,211.6,112.4,3.6,68.3,7.7,100.5,26.8,91.8,170.6,Unhealthy
Jaipur,44.0,194.6,1.93,45.2,70.9,94.6,20.6,42.0,116.5,Unhealthy for Sensitive Groups
Jaipur,135.0,348.9,3.74,117.8,2.7,95.3,24.3,87.8,205.9,Very Unhealthy
Patna,64.7,23.6,4.01,48.9,64.1,20.3,18.2,74.3,66.7,Moderate
Kolkata,206.4,137.5,3.65,56.2,5.4,126.3,16.2,58.5,187.6,Unhealthy
Chennai,243.0,272.9,2.49,77.1,18.4,90.0,16.8,71.4,226.9,Very Unhealthy
Hyderabad,136.7,248.9,4.4,94.1,52.4,131.9,33.9,31.5,185.3,Unhealthy
Pune,14.3,34.9,0.97,34.0,7.5,115.9,39.2,50.6,35.3,Good
Mumbai,111.1,15.7,3.1,66.5,52.0,88.5,34.2,63.9,105.1,Unhealthy for Sensitive Groups
Delhi,92.6,181.0,1.45,83.9,49.3,43.0,39.7,48.6,127.7,Unhealthy for Sensitive Groups
Hyderabad,121.1,191.4,0.79,50.0,64.2,78.7,40.7,30.8,132.1,Unhealthy for Sensitive Groups
Chennai,239.6,13.8,3.96,21.3,5.3,82.3,22.6,61.1,139.9,Unhealthy for Sensitive Groups
Chennai,188.3,317.2,1.68,52.5,52.4,74.2,15.2,36.6,204.8,Very Unhealthy
Mumbai,33.1,238.1,2.64,11.3,60.6,138.7,27.6,68.4,99.0,Moderate
Chennai,66.4,77.1,2.7,114.4,29.9,95.6,17.5,41.4,84.1,Moderate
Delhi,82.9,163.2,2.85,40.2,47.6,81.3,21.7,43.7,114.3,Unhealthy for Sensitive Groups
Lucknow,81.7,277.1,3.26,78.7,23.6,53.5,31.7,44.9,149.0,Unhealthy for Sensitive Groups
Bengaluru,92.9,113.9,2.57,25.2,49.3,118.6,37.5,30.5,108.0,Unhealthy for Sensitive Groups
Chennai,184.7,223.1,3.33,107.6,68.3,90.3,36.0,63.4,201.5,Very Unhealthy
Bengaluru,227.0,197.5,2.54,119.9,38.8,109.7,21.7,36.7,208.8,Very Unhealthy
Patna,37.8,180.4,0.59,46.8,2.8,37.2,40.8,93.6,82.2,Moderate
Lucknow,39.4,64.1,2.64,70.1,70.0,24.7,33.4,90.4,58.9,Moderate
Delhi,61.8,99.9,1.21,81.9,42.4,111.8,22.4,88.8,97.4,Moderate
Pune,245.2,120.2,3.23,65.0,66.7,117.7,18.4,60.8,179.8,Unhealthy
Lucknow,94.5,232.1,3.79,64.4,31.4,127.5,26.5,46.5,163.0,Unhealthy
Kolkata,199.2,311.6,0.23,106.4,36.3,36.0,26.5,41.1,180.3,Unhealthy
Kolkata,93.7,253.9,0.71,31.5,65.3,102.2,25.4,55.9,119.7,Unhealthy for Sensitive Groups
Kolkata,163.6,149.7,1.25,19.7,48.2,23.2,26.4,86.8,118.9,Unhealthy for Sensitive Groups
Mumbai,68.3,71.2,4.32,73.9,46.0,7.5,33.0,69.6,91.9,Moderate
Jaipur,58.1,216.2,2.23,60.4,19.1,60.5,14.6,63.7,120.9,Unhealthy for Sensitive Groups
Chennai,166.6,99.9,3.31,44.4,37.4,84.7,17.4,48.9,130.3,Unhealthy for Sensitive Groups
Patna,133.1,319.2,3.14,100.0,49.2,29.0,38.9,65.0,197.1,Unhealthy
Patna,128.3,50.0,2.27,20.0,49.1,116.7,38.7,78.1,108.0,Unhealthy for Sensitive Groups
Jaipur,108.1,307.4,3.2,54.3,75.2,70.1,34.6,46.3,179.3,Unhealthy
Delhi,28.9,55.5,2.25,31.7,69.0,43.2,38.1,50.6,48.8,Good
Bengaluru,146.6,50.1,0.23,80.3,55.6,47.6,21.6,31.6,104.7,Unhealthy for Sensitive Groups
Kolkata,69.0,192.3,2.63,75.4,79.4,58.7,16.5,61.4,123.7,Unhealthy for Sensitive Groups
Chennai,95.7,198.7,1.29,40.3,28.9,100.2,33.5,84.1,123.2,Unhealthy for Sensitive Groups
Kolkata,114.4,247.8,0.9,29.7,33.2,50.7,27.6,72.3,137.5,Unhealthy for Sensitive Groups
Jaipur,100.3,226.2,3.66,99.7,38.8,86.0,12.8,39.7,151.2,Unhealthy
Lucknow,14.3,140.7,4.43,75.6,42.6,101.1,29.1,90.9,108.5,Unhealthy for Sensitive Groups
Kolkata,112.5,78.6,3.02,97.4,24.3,9.5,29.2,58.7,103.6,Unhealthy for Sensitive Groups
Chennai,170.1,132.3,3.02,117.2,8.8,42.3,22.8,70.2,152.2,Unhealthy
Bengaluru,131.8,260.6,0.5,15.4,24.2,117.0,39.3,46.1,154.8,Unhealthy
Hyderabad,60.4,337.4,2.16,51.5,2.4,28.6,26.2,61.9,138.8,Unhealthy for Sensitive Groups
Chennai,237.0,283.0,4.31,105.8,65.4,82.6,32.2,92.5,240.7,Very Unhealthy
Chennai,190.6,336.8,2.17,58.0,47.8,8.7,13.7,25.1,204.5,Very Unhealthy
Hyderabad,170.8,88.2,1.56,114.9,42.3,6.3,36.6,38.6,120.2,Unhealthy for Sensitive Groups
Lucknow,23.6,326.7,2.25,45.7,71.8,41.3,40.3,71.2,138.1,Unhealthy for Sensitive Groups
Mumbai,185.6,89.9,1.24,35.5,19.9,117.7,36.8,46.7,139.4,Unhealthy for Sensitive Groups
Lucknow,230.4,239.8,3.05,75.6,61.6,78.1,11.4,56.2,213.4,Very Unhealthy
Kolkata,225.0,309.5,2.67,36.6,16.3,108.2,26.4,49.8,221.9,Very Unhealthy
Patna,18.3,281.8,2.26,67.2,41.2,58.2,32.0,33.1,128.5,Unhealthy for Sensitive Groups
Chennai,117.7,244.3,0.25,29.2,47.3,48.9,29.6,39.5,129.1,Unhealthy for Sensitive Groups
Lucknow,71.0,335.9,1.68,26.2,35.1,61.6,34.1,47.4,137.4,Unhealthy for Sensitive Groups
Kolkata,49.1,54.6,2.68,31.3,9.8,41.4,17.5,52.4,62.0,Moderate
Hyderabad,201.0,261.1,2.23,6.1,34.9,23.2,38.6,67.3,179.9,Unhealthy
Mumbai,197.4,112.0,2.62,70.3,33.1,98.2,11.9,81.0,157.2,Unhealthy
Jaipur,115.2,123.8,1.75,69.4,74.7,39.8,10.6,29.1,127.0,Unhealthy for Sensitive Groups
Mumbai,53.7,205.8,2.99,25.1,62.9,52.9,31.5,56.6,119.1,Unhealthy for Sensitive Groups
Mumbai,98.4,107.4,2.92,21.7,15.1,114.0,20.8,67.3,109.1,Unhealthy for Sensitive Groups
Hyderabad,24.4,126.8,1.55,80.1,57.4,86.7,22.7,86.6,86.2,Moderate
Mumbai,188.2,187.1,2.14,24.2,68.6,21.9,17.5,38.9,166.6,Unhealthy
Mumbai,56.6,145.0,0.61,112.7,38.9,12.3,34.7,59.3,102.4,Unhealthy for Sensitive Groups
Kolkata,69.3,62.8,3.02,106.8,26.1,38.4,19.1,67.0,80.8,Moderate
Patna,12.0,235.6,3.9,42.4,39.1,136.6,27.3,40.4,112.9,Unhealthy for Sensitive Groups
Patna,48.4,213.2,2.91,78.1,46.0,75.7,30.5,43.2,114.5,Unhealthy for Sensitive Groups
Bengaluru,60.6,40.4,1.52,52.4,14.1,6.4,26.7,76.9,48.1,Good
Delhi,120.0,12.8,4.16,113.9,39.2,6.2,23.8,42.0,103.1,Unhealthy for Sensitive Groups
Mumbai,139.3,74.1,3.99,55.3,21.5,101.5,30.7,82.1,121.9,Unhealthy for Sensitive Groups
Pune,108.4,91.5,3.49,109.6,65.0,97.4,19.1,75.7,137.3,Unhealthy for Sensitive Groups
Kolkata,51.1,33.3,0.79,17.7,37.5,66.1,32.4,56.9,42.5,Good
Lucknow,17.2,191.9,1.0,16.8,23.0,101.6,33.3,37.5,64.7,Moderate
Kolkata,58.2,152.9,3.58,62.3,31.0,99.1,11.0,26.0,119.3,Unhealthy for Sensitive Groups
Chennai,18.7,273.7,0.51,59.1,17.0,118.6,36.2,82.1,88.1,Moderate
Pune,99.3,341.5,1.26,119.4,17.5,104.3,13.0,70.0,158.0,Unhealthy
Chennai,172.0,116.1,1.59,77.4,5.3,131.6,26.7,39.0,144.5,Unhealthy for Sensitive Groups
Pune,93.3,27.7,3.07,116.9,20.4,63.6,10.5,79.6,99.6,Moderate
Mumbai,198.3,13.0,0.38,95.1,39.1,85.5,21.9,26.7,108.6,Unhealthy for Sensitive Groups
Lucknow,173.1,125.1,4.37,92.3,6.7,53.0,14.9,60.2,150.4,Unhealthy
Kolkata,62.0,343.8,3.59,92.0,64.8,64.2,16.2,71.7,161.8,Unhealthy
Lucknow,66.4,23.4,3.24,69.3,44.3,71.2,28.1,60.8,75.3,Moderate
Delhi,72.5,292.7,4.13,68.8,7.4,25.9,19.5,39.8,147.6,Unhealthy for Sensitive Groups
Patna,195.1,182.0,3.35,106.5,50.3,54.2,29.8,44.1,170.8,Unhealthy
Mumbai,205.7,74.6,3.14,93.1,14.0,43.2,23.1,44.2,142.3,Unhealthy for Sensitive Groups
Lucknow,15.7,328.9,0.97,8.6,10.4,30.9,11.0,68.1,98.0,Moderate
Mumbai,133.8,248.4,1.3,47.1,49.3,14.6,39.8,35.7,144.5,Unhealthy for Sensitive Groups
Patna,119.7,227.2,1.75,90.5,71.5,116.0,35.4,24.4,155.6,Unhealthy
Patna,15.0,33.9,1.51,113.6,76.9,18.1,33.2,59.9,42.4,Good
Pune,165.9,203.8,4.27,69.2,45.5,105.7,34.5,63.2,186.4,Unhealthy
Hyderabad,221.3,66.7,0.98,51.2,28.3,26.4,41.9,53.2,131.5,Unhealthy for Sensitive Groups
Pune,139.8,348.9,3.83,52.4,51.4,116.5,20.4,38.1,202.3,Very Unhealthy
Patna,192.6,324.9,1.29,115.6,36.9,58.6,33.2,93.7,205.5,Very Unhealthy
Patna,38.1,312.7,0.23,118.2,18.8,47.5,34.7,90.8,129.4,Unhealthy for Sensitive Groups
Bengaluru,130.3,204.0,2.66,15.8,37.9,26.1,18.5,86.7,130.6,Unhealthy for Sensitive Groups
Jaipur,203.7,41.2,1.92,110.6,59.3,102.7,35.4,33.0,155.6,Unhealthy
Pune,205.8,42.4,2.96,9.3,65.1,56.5,35.0,89.1,132.5,Unhealthy for Sensitive Groups
Bengaluru,107.0,305.1,3.94,31.1,52.9,86.3,10.4,78.3,167.4,Unhealthy
Jaipur,133.5,118.6,2.63,42.6,56.4,25.7,31.6,94.8,137.6,Unhealthy for Sensitive Groups
Bengaluru,145.9,40.6,2.06,95.4,13.5,50.4,25.2,75.9,112.6,Unhealthy for Sensitive Groups
Jaipur,25.8,180.6,3.53,20.0,12.5,80.5,25.6,68.9,85.5,Moderate
Hyderabad,249.3,188.2,1.24,35.6,35.5,97.4,28.4,28.4,181.6,Unhealthy
Kolkata,90.3,119.1,2.75,7.8,25.8,138.3,29.7,94.3,103.6,Unhealthy for Sensitive Groups
Jaipur,112.9,324.2,1.2,83.8,14.2,103.3,12.7,75.5,154.7,Unhealthy
Patna,232.0,305.4,3.73,6.6,56.1,20.0,24.4,21.7,208.7,Very Unhealthy
Patna,56.9,195.8,3.43,68.1,50.6,139.0,32.2,70.1,122.3,Unhealthy for Sensitive Groups
Bengaluru,15.7,67.9,1.42,95.8,50.2,12.2,31.0,20.6,51.3,Moderate
Mumbai,167.4,320.4,1.75,17.4,24.8,124.3,22.4,93.5,183.0,Unhealthy
Patna,226.4,174.8,2.77,15.1,17.5,135.5,27.9,73.4,167.1,Unhealthy
Bengaluru,79.7,176.6,3.4,7.1,55.4,53.0,19.7,94.7,130.8,Unhealthy for Sensitive Groups
Pune,203.9,222.8,3.98,107.4,65.6,9.0,27.8,41.0,190.8,Unhealthy
Bengaluru,165.9,39.9,1.84,115.5,49.8,89.4,17.3,38.0,116.5,Unhealthy for Sensitive Groups
Patna,227.9,122.0,2.53,28.8,12.8,78.1,35.6,84.7,158.4,Unhealthy
Mumbai,227.8,156.2,4.11,93.6,53.2,81.3,15.1,25.1,199.4,Unhealthy
Bengaluru,50.1,295.4,0.83,8.4,26.9,136.3,40.8,42.8,123.4,Unhealthy for Sensitive Groups
Chennai,42.2,73.9,0.77,8.0,78.9,88.3,29.4,65.9,60.2,Moderate
Lucknow,173.4,132.1,3.16,59.8,41.2,86.6,32.8,48.0,165.2,Unhealthy
Chennai,121.1,65.7,1.17,52.0,77.6,129.9,40.4,36.7,108.5,Unhealthy for Sensitive Groups
Pune,190.7,32.5,4.19,118.3,69.6,71.1,20.4,54.3,148.2,Unhealthy for Sensitive Groups
Delhi,195.2,216.7,3.74,87.8,32.7,131.8,28.3,60.2,201.2,Very Unhealthy
Patna,132.6,163.5,3.76,9.9,79.7,75.0,22.7,75.1,145.5,Unhealthy for Sensitive Groups
Delhi,192.5,337.3,1.02,55.5,71.0,109.4,19.1,32.5,194.6,Unhealthy
Patna,174.0,317.2,2.19,79.3,9.1,72.6,15.8,63.9,204.7,Very Unhealthy
Kolkata,38.2,150.6,2.14,25.6,48.0,101.2,16.5,54.1,79.2,Moderate
Kolkata,181.0,52.0,0.69,56.7,30.3,75.7,22.3,79.3,116.5,Unhealthy for Sensitive Groups
Delhi,97.8,139.4,3.5,109.9,46.1,94.0,14.8,85.2,124.0,Unhealthy for Sensitive Groups
Bengaluru,107.8,115.2,3.51,56.3,50.9,20.9,14.2,35.2,123.0,Unhealthy for Sensitive Groups
Lucknow,8.0,179.2,2.34,97.9,49.4,71.6,16.9,69.5,89.4,Moderate
Hyderabad,24.5,214.0,1.25,67.9,50.3,80.3,36.4,23.7,83.8,Moderate
Bengaluru,14.0,300.3,3.07,101.4,25.3,129.3,11.6,51.3,122.6,Unhealthy for Sensitive Groups
Bengaluru,154.7,245.1,2.76,95.5,15.8,66.5,28.5,89.9,161.0,Unhealthy
Hyderabad,84.1,315.2,3.73,92.2,67.8,13.8,25.1,29.2,177.5,Unhealthy
Jaipur,134.1,188.4,3.19,75.4,10.5,103.5,30.1,94.0,151.9,Unhealthy
Jaipur,233.8,345.3,1.43,75.0,26.7,75.9,41.8,46.5,210.6,Very Unhealthy
Lucknow,126.6,257.9,2.34,97.9,70.9,36.4,19.3,34.5,151.6,Unhealthy
Delhi,158.2,50.1,3.85,96.9,79.9,60.9,20.7,62.0,143.8,Unhealthy for Sensitive Groups
Pune,162.0,244.6,1.29,12.8,25.4,79.2,34.5,28.5,148.9,Unhealthy for Sensitive Groups
Kolkata,182.5,219.4,0.33,25.2,27.8,50.6,31.5,88.7,158.1,Unhealthy
Bengaluru,123.0,223.2,4.04,66.8,28.1,110.8,23.2,75.7,173.5,Unhealthy
Kolkata,143.4,240.6,2.59,7.2,47.0,49.8,39.3,79.7,140.7,Unhealthy for Sensitive Groups
Bengaluru,73.7,20.6,4.43,77.0,67.7,82.1,22.5,64.6,107.4,Unhealthy for Sensitive Groups
Bengaluru,177.8,116.9,0.34,52.6,40.8,37.1,24.5,91.3,117.2,Unhealthy for Sensitive Groups
Hyderabad,47.9,137.2,0.36,28.2,9.2,73.3,35.6,87.9,58.5,Moderate
Kolkata,231.3,259.0,2.45,94.2,13.2,122.7,36.3,90.4,217.5,Very Unhealthy
Hyderabad,55.3,22.4,1.87,104.5,11.0,47.0,11.4,83.6,76.4,Moderate
Chennai,119.4,25.7,2.44,80.8,26.4,83.0,20.0,86.9,94.3,Moderate
Mumbai,75.2,191.0,3.52,82.2,23.3,26.3,13.7,91.9,127.6,Unhealthy for Sensitive Groups
Hyderabad,55.6,129.1,1.57,21.3,56.9,43.2,17.8,25.3,84.0,Moderate
Jaipur,137.4,27.2,0.32,108.9,5.9,56.8,12.8,49.4,98.1,Moderate
Lucknow,159.2,244.6,2.12,45.9,27.9,31.7,34.3,80.7,148.4,Unhealthy for Sensitive Groups
Chennai,144.1,41.6,3.65,85.3,9.6,46.9,30.6,77.5,120.4,Unhealthy for Sensitive Groups
Lucknow,40.2,314.5,1.31,46.8,16.3,128.8,20.6,84.6,119.3,Unhealthy for Sensitive Groups
Mumbai,12.4,171.6,1.71,58.0,15.3,108.7,29.3,29.6,67.8,Moderate
Pune,84.8,230.8,3.61,66.3,33.3,60.8,29.9,61.1,155.8,Unhealthy
Mumbai,21.2,80.8,3.18,54.6,78.5,81.6,21.0,72.1,65.6,Moderate
Pune,186.1,252.0,3.8,18.1,48.5,48.9,13.1,53.4,181.4,Unhealthy
Jaipur,22.1,47.0,3.7,93.7,31.6,71.7,31.1,26.8,82.4,Moderate
Hyderabad,226.3,226.3,0.2,21.9,13.6,76.7,22.5,63.3,160.6,Unhealthy
Jaipur,78.4,280.1,3.12,110.6,75.1,101.9,39.3,94.3,162.5,Unhealthy
Hyderabad,246.7,147.4,0.75,38.8,30.8,79.1,11.7,72.8,177.3,Unhealthy
Chennai,31.9,106.0,0.33,54.6,48.0,89.4,32.8,50.5,59.8,Moderate
Kolkata,167.3,171.5,1.01,49.2,74.1,118.4,14.9,94.8,152.9,Unhealthy
Lucknow,7.8,230.5,0.82,106.8,53.3,136.6,14.3,30.3,106.7,Unhealthy for Sensitive Groups
Pune,223.9,246.4,4.2,76.7,37.4,62.3,36.2,48.9,206.6,Very Unhealthy
Jaipur,153.1,206.5,3.84,32.2,41.1,60.5,27.5,47.5,177.9,Unhealthy
Bengaluru,123.4,135.3,2.7,115.6,8.2,103.6,26.8,84.5,143.7,Unhealthy for Sensitive Groups
Jaipur,118.9,36.6,4.03,15.2,38.9,105.1,40.7,25.9,111.7,Unhealthy for Sensitive Groups
Bengaluru,81.6,27.9,1.68,94.5,38.6,74.2,25.0,75.0,77.2,Moderate
Delhi,75.9,22.0,4.17,91.2,58.7,81.1,12.0,55.5,87.1,Moderate
Jaipur,165.8,109.2,3.37,8.1,39.8,22.1,12.5,78.8,127.4,Unhealthy for Sensitive Groups
Bengaluru,73.8,301.7,0.26,17.8,15.6,84.9,14.8,53.5,129.8,Unhealthy for Sensitive Groups
Lucknow,196.7,90.3,0.98,65.6,4.6,137.8,41.0,64.7,148.4,Unhealthy for Sensitive Groups
Bengaluru,189.4,150.4,1.85,81.0,58.6,27.6,28.5,83.1,143.0,Unhealthy for Sensitive Groups
Pune,190.1,49.4,0.92,50.9,25.5,105.7,34.1,59.9,118.7,Unhealthy for Sensitive Groups
Delhi,121.3,59.4,3.94,6.4,74.3,65.6,31.7,92.1,117.9,Unhealthy for Sensitive Groups
Bengaluru,28.9,190.6,1.72,102.1,49.6,93.0,18.7,40.3,109.3,Unhealthy for Sensitive Groups
Kolkata,165.3,143.0,3.52,91.1,59.3,84.5,16.2,45.3,168.3,Unhealthy
Bengaluru,81.8,13.6,0.24,12.8,34.1,75.9,31.9,46.4,58.8,Moderate
Mumbai,52.3,18.1,0.6,112.9,53.2,117.8,40.4,67.9,68.5,Moderate
Bengaluru,26.2,215.6,1.82,92.8,52.5,113.4,15.9,28.3,96.8,Moderate
Kolkata,119.4,328.3,2.95,111.1,23.6,62.6,38.9,77.7,177.0,Unhealthy
Chennai,196.3,104.3,0.47,49.7,79.7,39.9,36.0,33.3,121.9,Unhealthy for Sensitive Groups
Mumbai,154.5,70.7,2.32,21.5,62.0,34.5,30.6,88.4,122.8,Unhealthy for Sensitive Groups
Pune,13.5,33.9,3.33,94.4,3.5,72.2,30.9,20.1,46.8,Good
Mumbai,70.3,248.0,4.09,71.1,42.2,131.9,25.7,52.7,160.0,Unhealthy
Pune,137.3,11.1,4.3,99.1,39.6,81.6,39.9,46.9,128.2,Unhealthy for Sensitive Groups
Chennai,18.5,349.0,2.98,47.0,68.6,50.9,36.9,77.0,129.2,Unhealthy for Sensitive Groups
Lucknow,48.3,23.4,1.85,27.0,56.3,126.0,30.2,46.9,47.3,Good
Patna,185.2,57.6,1.03,87.8,48.2,71.0,12.0,60.5,122.2,Unhealthy for Sensitive Groups
Patna,241.4,286.0,4.36,6.9,28.5,50.6,33.1,50.4,213.2,Very Unhealthy
Lucknow,117.3,240.5,3.96,22.1,47.2,129.9,11.2,30.6,165.4,Unhealthy
Jaipur,227.3,220.2,1.24,79.6,3.1,90.4,38.9,81.6,173.7,Unhealthy
Pune,46.8,211.0,3.72,17.2,40.8,112.9,17.1,80.3,115.1,Unhealthy for Sensitive Groups
Mumbai,84.4,341.8,2.68,20.8,67.2,112.1,34.5,64.5,156.3,Unhealthy
Jaipur,72.1,267.6,0.92,47.5,14.9,37.9,28.6,30.0,126.4,Unhealthy for Sensitive Groups
Lucknow,97.2,63.6,3.98,14.3,2.6,130.0,32.6,64.5,96.4,Moderate
Lucknow,174.6,80.1,2.95,65.2,34.1,131.6,29.5,22.8,134.3,Unhealthy for Sensitive Groups
Jaipur,155.0,39.9,3.75,39.6,34.7,80.3,16.1,94.0,138.4,Unhealthy for Sensitive Groups
Lucknow,93.7,268.8,2.52,30.2,62.1,94.0,18.8,34.5,154.5,Unhealthy
Lucknow,126.9,64.3,4.17,11.2,30.4,33.3,18.0,66.3,124.7,Unhealthy for Sensitive Groups
Jaipur,15.6,261.7,4.18,25.2,63.3,70.5,13.7,87.1,126.3,Unhealthy for Sensitive Groups
Chennai,147.0,152.5,3.41,108.3,19.9,19.9,17.3,37.8,148.2,Unhealthy for Sensitive Groups
Kolkata,97.0,85.0,2.23,60.7,71.5,24.6,39.7,54.1,95.9,Moderate
Lucknow,117.1,76.0,1.74,36.0,28.2,9.3,28.2,41.0,82.3,Moderate
Patna,117.4,68.2,1.68,106.9,49.1,111.6,30.4,65.9,101.2,Unhealthy for Sensitive Groups
Chennai,214.5,39.4,3.88,61.3,79.7,84.9,36.8,40.9,165.8,Unhealthy
Lucknow,65.7,157.6,1.16,111.7,75.8,128.4,38.7,51.3,96.4,Moderate
Delhi,184.7,181.4,2.03,50.3,65.2,99.0,13.1,57.1,151.9,Unhealthy
Lucknow,174.8,148.3,1.14,46.2,20.6,139.9,10.5,70.2,133.1,Unhealthy for Sensitive Groups
Lucknow,215.2,264.1,0.3,57.3,62.2,123.0,23.0,79.2,183.6,Unhealthy
Jaipur,177.5,10.5,2.9,49.3,55.9,76.7,19.5,76.5,128.9,Unhealthy for Sensitive Groups
Delhi,137.9,280.1,3.59,14.3,70.7,104.3,11.8,90.9,181.1,Unhealthy
Hyderabad,32.2,134.3,2.86,47.0,15.7,80.4,12.1,73.2,76.0,Moderate
Hyderabad,63.5,48.6,2.26,113.0,47.2,134.5,16.7,75.9,80.7,Moderate
Patna,225.0,181.2,2.02,11.3,31.1,66.1,26.0,82.2,170.6,Unhealthy
Lucknow,171.2,191.2,1.46,76.4,64.4,132.6,35.9,90.6,149.4,Unhealthy for Sensitive Groups
Chennai,26.4,142.8,0.97,115.2,8.0,27.2,13.6,31.1,64.7,Moderate
Bengaluru,132.6,223.3,1.46,116.5,44.2,22.8,21.1,53.3,154.1,Unhealthy
Lucknow,51.3,17.5,3.65,101.0,42.5,50.3,28.5,69.2,87.3,Moderate
Lucknow,150.4,246.9,3.82,56.2,25.7,22.8,35.3,32.9,164.8,Unhealthy
Kolkata,96.1,108.0,3.84,22.1,24.2,134.1,29.8,32.1,116.7,Unhealthy for Sensitive Groups
Bengaluru,243.4,295.4,3.18,81.6,14.0,37.1,11.3,43.7,213.6,Very Unhealthy
Mumbai,95.6,79.8,3.24,81.5,78.3,25.0,24.3,93.2,110.1,Unhealthy for Sensitive Groups
Hyderabad,230.5,147.6,2.35,21.7,37.7,48.2,10.1,75.4,183.3,Unhealthy
Lucknow,163.6,110.5,4.05,116.5,60.8,139.2,31.3,80.0,172.6,Unhealthy
Hyderabad,88.0,48.2,2.26,9.6,54.9,20.8,10.8,66.3,68.6,Moderate
Lucknow,27.7,28.7,2.96,72.1,19.3,131.3,18.9,21.7,66.0,Moderate
Pune,170.9,335.6,4.4,50.4,40.3,86.4,26.4,24.2,217.8,Very Unhealthy
Lucknow,41.2,300.3,1.79,47.9,24.2,52.4,41.3,85.6,108.4,Unhealthy for Sensitive Groups
Jaipur,186.7,151.3,2.1,23.8,58.8,126.2,33.3,51.1,165.8,Unhealthy
Pune,26.1,80.6,2.24,104.8,79.0,13.9,40.7,76.7,60.5,Moderate
Lucknow,161.5,102.9,0.95,58.1,46.3,128.5,16.4,82.4,121.1,Unhealthy for Sensitive Groups
Lucknow,15.3,290.9,3.79,40.0,45.6,67.6,10.9,20.2,117.2,Unhealthy for Sensitive Groups
Mumbai,35.4,236.4,1.44,25.6,72.7,92.0,10.9,77.4,102.4,Unhealthy for Sensitive Groups
Jaipur,151.7,133.0,2.27,55.1,22.1,97.6,41.2,81.4,132.7,Unhealthy for Sensitive Groups
Hyderabad,9.3,98.2,2.7,21.8,38.0,98.6,21.4,24.0,59.4,Moderate
Hyderabad,16.9,109.2,2.95,13.8,17.1,89.8,34.5,64.9,58.2,Moderate
Delhi,218.7,291.1,3.15,39.6,55.5,97.9,13.1,63.5,223.3,Very Unhealthy
Patna,38.6,105.7,3.55,52.4,73.8,27.0,17.0,57.8,97.8,Moderate
Kolkata,155.3,292.7,2.46,66.2,45.0,107.1,13.6,54.5,171.1,Unhealthy
Bengaluru,231.2,173.0,1.54,46.7,65.7,125.1,29.1,77.3,175.9,Unhealthy
Mumbai,12.0,287.0,1.16,103.5,13.1,35.6,14.0,29.8,92.9,Moderate
Bengaluru,24.0,273.4,3.46,9.9,10.4,112.1,26.4,24.4,105.6,Unhealthy for Sensitive Groups
Delhi,15.6,112.6,0.24,16.1,11.7,86.2,28.8,35.0,51.6,Moderate
Jaipur,27.2,297.6,4.25,114.1,29.1,26.7,26.0,74.6,134.2,Unhealthy for Sensitive Groups
Mumbai,21.7,288.7,3.48,65.8,57.8,135.2,15.5,76.6,118.9,Unhealthy for Sensitive Groups
Pune,231.4,323.0,3.86,59.6,56.5,30.0,31.6,28.0,241.4,Very Unhealthy
Bengaluru,108.9,184.8,1.95,92.6,26.5,67.9,26.6,57.2,127.4,Unhealthy for Sensitive Groups
Patna,141.5,23.8,1.61,18.3,24.1,86.1,20.0,93.2,91.5,Moderate
Lucknow,104.8,344.9,2.04,103.5,71.8,113.3,40.1,47.6,164.3,Unhealthy
Kolkata,169.7,144.8,2.45,82.8,11.3,58.3,32.2,93.3,156.8,Unhealthy
Jaipur,20.9,341.6,1.66,73.4,79.3,21.6,36.8,74.4,120.3,Unhealthy for Sensitive Groups
Kolkata,150.4,267.1,3.64,113.5,29.8,95.0,40.4,94.1,190.0,Unhealthy
Delhi,193.2,46.7,1.28,62.2,51.0,23.2,13.2,24.0,110.9,Unhealthy for Sensitive Groups
Lucknow,243.2,140.1,3.12,22.6,50.5,18.0,12.4,76.4,186.1,Unhealthy
Pune,54.5,235.1,2.31,35.1,28.8,121.1,27.5,91.4,103.8,Unhealthy for Sensitive Groups
Kolkata,220.6,50.5,2.14,103.1,36.5,9.9,15.7,69.5,156.5,Unhealthy
Lucknow,125.4,55.7,3.28,61.1,10.5,96.1,31.1,71.4,115.5,Unhealthy for Sensitive Groups
Delhi,142.8,63.1,0.44,35.3,48.1,56.0,31.6,77.5,90.2,Moderate
Hyderabad,11.9,25.3,3.8,45.1,59.9,8.6,38.5,45.6,42.2,Good
Mumbai,248.0,150.1,0.44,33.1,20.3,47.1,12.7,71.6,173.6,Unhealthy
Jaipur,87.7,16.7,1.6,58.0,69.3,81.7,38.8,40.0,82.3,Moderate
Hyderabad,10.4,117.6,2.65,42.1,9.6,70.9,32.1,35.4,67.2,Moderate
Bengaluru,45.8,111.8,4.37,28.2,51.6,136.5,12.4,83.8,92.9,Moderate
Mumbai,16.6,348.7,1.93,31.0,59.9,17.4,37.0,27.1,115.9,Unhealthy for Sensitive Groups
Hyderabad,143.8,190.6,2.04,44.9,8.0,116.2,26.1,42.5,149.1,Unhealthy for Sensitive Groups
Jaipur,54.0,146.8,2.89,57.1,61.5,29.4,10.6,72.7,110.5,Unhealthy for Sensitive Groups
Jaipur,127.3,234.7,3.74,112.9,22.9,91.1,35.9,84.0,183.2,Unhealthy
Mumbai,183.0,30.4,1.06,58.2,20.7,105.8,34.5,83.3,113.5,Unhealthy for Sensitive Groups
Delhi,160.3,297.6,1.35,38.0,14.5,97.7,17.6,37.9,160.5,Unhealthy
Bengaluru,65.2,291.3,2.2,69.4,36.0,92.3,11.2,32.0,128.6,Unhealthy for Sensitive Groups
Hyderabad,198.5,104.4,2.57,79.1,5.3,102.5,35.0,24.1,167.3,Unhealthy
Kolkata,152.4,304.8,4.07,51.8,30.3,93.8,12.9,90.7,200.8,Very Unhealthy
Mumbai,62.8,204.1,2.35,18.9,53.8,83.4,34.8,59.4,111.0,Unhealthy for Sensitive Groups
Kolkata,63.3,51.6,3.67,42.9,47.6,57.6,33.9,37.7,82.7,Moderate
Patna,31.2,82.8,1.38,52.0,69.3,12.5,27.1,72.5,48.4,Good
Jaipur,108.8,242.1,4.34,106.1,75.1,54.0,32.9,81.6,155.5,Unhealthy
Hyderabad,13.5,261.4,3.64,11.3,73.6,95.7,18.1,48.9,119.0,Unhealthy for Sensitive Groups
Bengaluru,226.3,243.0,2.5,32.2,36.5,6.1,40.7,89.6,203.3,Very Unhealthy
Pune,27.1,289.7,1.21,29.2,71.4,128.6,30.2,86.0,121.4,Unhealthy for Sensitive Groups
Mumbai,198.4,103.2,0.54,94.6,40.4,104.5,39.6,45.0,141.8,Unhealthy for Sensitive Groups
Delhi,207.0,247.5,2.38,45.5,49.0,114.8,33.6,54.0,178.7,Unhealthy
Chennai,162.1,72.5,2.11,78.7,2.2,32.0,19.8,63.2,110.5,Unhealthy for Sensitive Groups
Kolkata,131.5,339.7,3.77,92.8,68.1,97.6,35.4,44.0,199.8,Unhealthy
Jaipur,68.9,243.7,3.76,96.9,17.5,61.0,15.8,85.7,155.6,Unhealthy
Kolkata,60.0,332.4,4.17,79.4,50.9,127.4,41.2,34.9,174.4,Unhealthy
Lucknow,17.2,220.1,2.78,22.2,76.7,28.0,28.2,21.1,97.2,Moderate
Pune,207.7,178.0,1.17,28.4,75.8,114.8,18.5,76.0,162.1,Unhealthy
Bengaluru,214.8,214.0,4.48,37.5,54.8,61.5,23.1,30.9,194.0,Unhealthy
Pune,62.7,163.3,1.27,72.0,52.5,16.6,25.0,85.4,109.6,Unhealthy for Sensitive Groups
Hyderabad,173.3,252.5,3.25,89.7,22.0,17.9,11.9,45.0,175.6,Unhealthy
Pune,249.2,329.4,4.36,73.8,60.4,11.1,18.1,66.5,240.1,Very Unhealthy
Mumbai,169.5,55.0,4.04,9.7,16.0,27.9,25.8,45.4,126.1,Unhealthy for Sensitive Groups
Pune,82.7,190.3,0.81,18.4,5.4,22.3,37.9,82.6,103.5,Unhealthy for Sensitive Groups
Kolkata,74.3,308.2,2.84,92.6,22.6,47.3,38.6,43.7,167.1,Unhealthy
Lucknow,141.1,323.8,2.94,55.6,16.7,12.4,15.9,55.3,168.4,Unhealthy
Kolkata,111.9,348.4,4.19,9.7,29.8,100.7,25.5,57.0,192.2,Unhealthy
Jaipur,35.3,41.8,3.93,25.8,15.1,73.7,18.7,86.8,70.6,Moderate
Bengaluru,249.5,11.4,3.5,25.8,73.8,38.2,25.9,27.1,150.4,Unhealthy
Lucknow,171.9,241.4,1.89,72.9,76.2,118.0,14.9,26.1,188.0,Unhealthy
Jaipur,116.2,334.8,2.76,5.7,77.6,93.6,40.4,44.4,178.6,Unhealthy
Bengaluru,36.7,303.5,3.65,37.5,64.3,105.4,27.5,65.2,127.5,Unhealthy for Sensitive Groups
Kolkata,48.6,338.1,3.92,15.3,68.5,27.0,34.9,41.4,155.0,Unhealthy
Patna,34.5,176.9,2.06,97.7,26.2,97.5,14.2,69.9,109.8,Unhealthy for Sensitive Groups
Pune,54.0,161.5,1.87,35.9,48.8,17.2,23.5,47.6,80.7,Moderate
Mumbai,27.8,184.5,4.39,82.8,52.5,101.3,39.8,59.5,121.9,Unhealthy for Sensitive Groups
Bengaluru,76.2,158.7,4.1,59.9,13.6,22.3,38.9,83.1,119.1,Unhealthy for Sensitive Groups
Hyderabad,144.3,197.3,4.14,64.0,41.8,60.8,24.9,74.0,174.0,Unhealthy
Bengaluru,67.4,37.8,2.36,18.1,53.6,29.2,15.8,49.5,55.2,Moderate
Mumbai,81.9,256.2,3.46,56.7,65.0,51.1,39.4,80.8,137.2,Unhealthy for Sensitive Groups
Pune,188.0,215.4,3.95,17.2,43.7,5.8,13.7,32.9,175.8,Unhealthy
Pune,217.9,338.4,2.79,61.0,50.2,136.5,21.5,70.5,233.4,Very Unhealthy
Kolkata,202.1,39.8,0.78,26.9,65.6,99.0,16.0,22.0,122.8,Unhealthy for Sensitive Groups
Kolkata,164.2,158.2,2.89,95.9,16.9,45.6,24.8,55.5,141.1,Unhealthy for Sensitive Groups
Pune,226.1,261.2,2.11,60.8,3.5,65.7,17.8,42.1,207.8,Very Unhealthy
Bengaluru,17.5,12.7,2.91,87.0,78.4,119.6,33.6,64.7,63.7,Moderate
Delhi,14.1,145.9,2.41,88.3,75.0,127.2,37.8,37.4,77.1,Moderate
Pune,108.4,117.4,0.47,107.7,34.5,68.9,25.8,90.4,101.0,Unhealthy for Sensitive Groups
Lucknow,10.1,107.9,1.03,44.5,20.1,34.7,39.1,45.4,53.5,Moderate
Kolkata,37.1,109.8,3.26,115.4,67.0,95.9,33.5,79.7,108.6,Unhealthy for Sensitive Groups
Lucknow,157.4,106.0,3.42,81.7,12.1,31.9,29.4,27.6,137.6,Unhealthy for Sensitive Groups
Delhi,79.4,81.2,0.4,7.1,70.7,53.2,15.1,82.1,81.5,Moderate
Patna,202.7,124.8,0.69,31.1,45.8,70.7,41.8,78.9,149.3,Unhealthy for Sensitive Groups
Mumbai,70.5,61.4,3.17,64.3,54.2,100.4,39.7,52.8,92.2,Moderate
Chennai,243.8,275.8,2.82,103.7,9.9,80.9,26.2,32.5,211.8,Very Unhealthy
Kolkata,228.2,63.4,1.46,55.8,41.5,103.9,13.2,68.5,144.2,Unhealthy for Sensitive Groups
Bengaluru,35.1,78.6,4.37,93.5,2.5,117.7,25.2,41.5,83.0,Moderate
Pune,96.2,266.6,1.75,81.5,13.8,106.7,23.5,37.1,153.8,Unhealthy
Patna,229.9,315.3,4.29,64.4,55.2,132.4,24.2,77.8,246.5,Very Unhealthy
Jaipur,236.2,38.8,1.55,117.9,14.8,13.3,34.3,69.5,152.4,Unhealthy
Bengaluru,19.2,224.7,3.27,80.9,42.5,44.9,22.9,71.1,111.3,Unhealthy for Sensitive Groups
Patna,181.8,116.7,1.68,100.1,72.2,87.4,14.7,50.3,155.7,Unhealthy
Patna,158.0,220.2,2.1,44.7,65.3,92.6,34.8,86.1,148.9,Unhealthy for Sensitive Groups
Kolkata,87.0,256.5,3.38,19.5,79.4,43.3,13.0,61.4,143.3,Unhealthy for Sensitive Groups
Hyderabad,10.7,312.7,2.52,34.7,66.9,46.0,23.5,57.9,123.9,Unhealthy for Sensitive Groups
Chennai,68.6,182.5,0.73,92.0,75.4,65.6,28.3,20.4,101.9,Unhealthy for Sensitive Groups
Jaipur,202.3,346.3,2.63,107.8,51.0,77.0,29.1,46.3,217.8,Very Unhealthy
Pune,169.7,252.9,2.43,33.5,27.6,83.6,36.3,47.1,160.1,Unhealthy
Patna,208.0,37.9,0.47,107.2,39.1,65.2,21.8,59.5,133.3,Unhealthy for Sensitive Groups
Kolkata,195.8,306.5,2.71,78.2,79.7,98.0,40.3,74.9,208.9,Very Unhealthy
Kolkata,40.4,53.2,3.26,19.9,57.0,121.5,13.8,35.9,72.8,Moderate
Hyderabad,236.3,135.6,4.29,74.2,33.9,21.3,28.3,23.0,179.5,Unhealthy
Bengaluru,79.7,137.3,1.46,8.2,13.1,110.8,23.5,90.3,86.1,Moderate
Hyderabad,57.8,288.5,2.3,19.1,29.2,122.5,23.4,63.0,132.3,Unhealthy for Sensitive Groups
Hyderabad,196.4,171.6,3.3,74.7,61.4,73.1,24.7,53.7,177.4,Unhealthy
Bengaluru,26.9,222.4,2.88,49.5,72.2,50.8,11.5,70.3,105.8,Unhealthy for Sensitive Groups
Chennai,163.2,304.4,3.24,70.8,64.1,100.5,28.0,29.3,200.0,Unhealthy
Patna,239.0,194.2,3.46,115.1,42.7,106.3,26.1,21.4,216.6,Very Unhealthy
Pune,49.0,16.5,3.58,33.2,57.0,124.8,24.2,80.5,76.3,Moderate
Mumbai,149.3,177.1,4.22,44.1,16.1,8.2,26.9,48.7,141.4,Unhealthy for Sensitive Groups
Kolkata,137.7,107.0,0.99,93.4,14.0,133.5,31.7,24.4,134.9,Unhealthy for Sensitive Groups
Chennai,11.7,29.9,1.88,41.8,34.2,48.8,22.0,82.1,28.8,Good
Mumbai,63.7,213.0,1.22,63.5,41.3,133.2,18.6,43.9,115.4,Unhealthy for Sensitive Groups
Kolkata,123.6,148.5,1.21,106.9,23.0,135.1,31.6,38.5,131.4,Unhealthy for Sensitive Groups
Patna,79.6,148.3,0.56,78.1,17.9,135.7,21.9,93.9,108.5,Unhealthy for Sensitive Groups
Delhi,238.4,336.9,2.59,9.8,65.4,134.8,29.9,69.0,218.4,Very Unhealthy
Delhi,233.7,173.9,2.77,101.5,31.7,52.4,30.2,63.9,192.5,Unhealthy
Chennai,44.5,191.6,0.5,15.3,56.5,117.1,33.2,94.9,98.3,Moderate
Hyderabad,154.6,335.5,1.57,83.4,28.7,40.3,34.1,54.0,176.0,Unhealthy
Kolkata,88.7,166.3,2.78,6.8,56.0,92.3,10.1,55.7,127.7,Unhealthy for Sensitive Groups
Lucknow,106.2,314.4,3.22,92.7,44.0,111.3,30.8,25.8,163.3,Unhealthy
Lucknow,169.7,130.0,3.69,100.2,29.9,28.9,34.6,72.3,143.1,Unhealthy for Sensitive Groups
Bengaluru,95.8,75.6,0.24,90.5,61.2,96.9,32.7,34.4,98.7,Moderate
Pune,203.1,85.2,4.41,116.2,4.9,71.5,32.5,65.5,156.0,Unhealthy
Jaipur,32.2,104.3,2.35,24.6,17.1,104.7,31.5,65.2,62.0,Moderate
Patna,36.4,32.1,1.32,70.5,19.8,75.6,35.0,34.4,57.8,Moderate
Pune,155.5,241.4,4.0,5.2,35.3,95.9,30.8,84.0,167.3,Unhealthy
Lucknow,72.1,241.3,2.21,46.6,61.2,124.3,17.2,40.8,128.6,Unhealthy for Sensitive Groups
Chennai,82.5,143.2,1.64,106.2,65.0,138.7,17.2,71.7,130.6,Unhealthy for Sensitive Groups
Bengaluru,53.2,121.9,0.47,76.9,4.2,63.3,10.8,79.8,87.5,Moderate
Lucknow,65.6,171.0,4.32,100.7,66.1,75.2,17.6,25.5,135.5,Unhealthy for Sensitive Groups
Kolkata,192.2,222.6,2.69,14.8,6.7,9.5,20.0,83.6,154.0,Unhealthy
Pune,20.2,282.8,0.44,75.2,35.7,18.7,11.8,23.9,109.3,Unhealthy for Sensitive Groups
Jaipur,28.5,265.7,1.2,74.0,53.5,6.4,22.3,79.6,116.1,Unhealthy for Sensitive Groups
Jaipur,29.8,231.3,3.11,8.0,42.3,84.4,13.5,20.9,113.0,Unhealthy for Sensitive Groups
Delhi,198.4,75.8,2.66,78.3,22.0,61.8,33.2,53.3,139.6,Unhealthy for Sensitive Groups
Bengaluru,19.8,116.0,2.07,115.4,60.8,47.0,38.3,78.2,69.4,Moderate
Delhi,152.8,109.0,4.37,64.5,53.3,24.5,17.6,81.4,148.4,Unhealthy for Sensitive Groups
Jaipur,108.4,76.4,1.06,109.5,63.3,51.1,31.4,72.1,115.9,Unhealthy for Sensitive Groups
Lucknow,174.6,299.7,2.63,43.6,25.4,49.4,13.4,85.7,198.9,Unhealthy
Pune,58.8,11.3,1.16,31.5,50.7,37.3,33.5,91.4,44.9,Good
Jaipur,55.3,72.6,4.46,46.7,7.8,9.1,13.7,41.8,77.8,Moderate
Chennai,228.6,132.4,4.39,27.9,24.2,34.6,18.4,33.1,190.1,Unhealthy
Chennai,48.7,17.3,3.82,109.7,3.6,96.5,22.1,79.1,68.6,Moderate
Mumbai,79.7,91.7,3.68,81.0,75.4,136.9,41.9,86.1,127.3,Unhealthy for Sensitive Groups
Delhi,34.0,310.1,0.76,26.8,43.5,98.7,20.2,52.2,117.4,Unhealthy for Sensitive Groups
Patna,192.0,209.7,3.87,38.8,13.6,38.4,30.1,41.0,168.2,Unhealthy
Patna,242.3,311.2,1.1,14.4,38.7,94.6,12.1,58.1,215.1,Very Unhealthy
Jaipur,96.7,186.4,0.97,86.9,43.0,70.2,40.6,55.5,121.7,Unhealthy for Sensitive Groups
Hyderabad,164.2,80.4,4.05,57.0,20.3,34.5,23.6,48.3,128.7,Unhealthy for Sensitive Groups
Lucknow,67.4,38.8,3.43,38.9,42.5,36.1,11.3,58.4,74.3,Moderate
Mumbai,119.5,149.0,3.66,41.5,31.8,29.2,17.5,68.4,126.9,Unhealthy for Sensitive Groups
Hyderabad,77.2,180.6,2.55,14.0,23.6,35.7,13.8,47.0,108.2,Unhealthy for Sensitive Groups
Patna,53.2,121.9,1.5,98.8,55.3,42.1,32.6,94.8,103.6,Unhealthy for Sensitive Groups
Lucknow,228.5,12.9,1.49,99.6,63.1,59.5,23.0,63.5,146.8,Unhealthy for Sensitive Groups
Patna,165.3,346.4,4.29,104.5,19.8,102.7,16.7,37.5,222.4,Very Unhealthy
Lucknow,190.6,255.7,2.18,96.1,26.4,30.4,34.6,72.3,177.1,Unhealthy
Chennai,214.0,20.2,0.8,105.5,25.8,104.6,26.0,69.4,128.6,Unhealthy for Sensitive Groups
Kolkata,107.7,243.2,1.93,94.5,43.9,49.0,10.7,78.9,158.5,Unhealthy
Mumbai,244.4,348.0,2.64,96.9,73.3,82.5,22.5,48.6,257.7,Very Unhealthy
Delhi,136.0,74.0,0.67,70.5,37.2,125.8,13.0,27.8,109.0,Unhealthy for Sensitive Groups
Lucknow,207.5,215.1,0.32,27.9,73.1,57.1,16.6,41.8,164.5,Unhealthy
Mumbai,19.1,186.3,0.94,103.9,34.0,26.2,13.5,60.2,82.2,Moderate
Bengaluru,100.3,317.2,1.09,105.1,26.2,115.4,31.3,31.9,161.3,Unhealthy
Patna,148.9,180.8,3.14,36.7,2.6,24.3,12.0,49.9,154.0,Unhealthy
Bengaluru,85.6,203.5,2.31,58.2,5.0,17.3,30.7,88.9,113.6,Unhealthy for Sensitive Groups
Jaipur,100.8,290.0,3.85,52.7,16.0,88.4,23.8,48.8,168.8,Unhealthy
Chennai,28.4,247.5,0.39,106.8,14.3,124.1,27.2,70.0,90.6,Moderate
Kolkata,227.6,149.8,3.48,18.9,30.8,107.0,26.1,78.5,177.8,Unhealthy
Pune,66.9,182.1,2.19,13.4,56.2,106.2,22.2,75.9,117.8,Unhealthy for Sensitive Groups
Lucknow,14.3,95.2,3.25,20.7,54.3,67.7,24.8,26.2,73.1,Moderate
Mumbai,39.4,288.9,3.82,24.6,3.4,18.6,19.4,60.1,122.5,Unhealthy for Sensitive Groups
Delhi,169.5,13.8,1.37,55.7,15.9,101.4,38.6,59.9,105.7,Unhealthy for Sensitive Groups
Pune,209.9,285.9,2.96,87.4,72.0,57.7,19.9,23.9,197.7,Unhealthy
Mumbai,192.9,325.8,1.81,32.4,9.1,61.9,41.7,45.3,183.4,Unhealthy
Patna,59.0,310.0,3.63,100.5,15.1,27.6,23.3,28.1,146.1,Unhealthy for Sensitive Groups
Hyderabad,158.6,222.4,4.22,50.4,35.4,36.4,13.4,44.3,159.1,Unhealthy
Jaipur,7.9,82.3,1.15,80.7,23.7,89.2,11.4,86.4,50.9,Moderate
Pune,127.4,346.8,3.26,96.0,73.9,81.8,18.1,27.1,190.9,Unhealthy
Hyderabad,171.1,340.6,3.18,43.2,51.6,124.3,20.2,83.9,206.4,Very Unhealthy
Mumbai,9.3,320.1,2.13,63.8,59.9,73.0,32.5,21.0,106.4,Unhealthy for Sensitive Groups
Delhi,80.7,260.9,3.46,76.3,6.7,55.6,19.5,31.4,136.2,Unhealthy for Sensitive Groups
Pune,63.3,256.6,4.45,56.0,70.4,23.1,20.2,79.0,130.1,Unhealthy for Sensitive Groups
Chennai,163.8,108.1,0.3,102.4,27.8,37.7,27.3,88.0,128.3,Unhealthy for Sensitive Groups
Chennai,201.4,246.7,1.16,105.4,42.7,29.8,30.2,24.8,182.6,Unhealthy
Pune,17.8,347.3,4.23,19.4,15.5,79.1,35.4,35.3,138.6,Unhealthy for Sensitive Groups
Bengaluru,182.6,115.9,3.3,33.2,15.8,38.6,19.1,53.6,150.6,Unhealthy
Kolkata,216.3,173.6,4.29,46.4,31.5,68.5,23.5,65.7,187.3,Unhealthy
Kolkata,205.8,279.8,0.29,48.9,68.6,107.4,39.5,64.6,174.8,Unhealthy
Chennai,68.0,167.6,2.15,48.1,49.3,14.7,14.4,55.2,91.5,Moderate
Bengaluru,6.0,303.0,3.34,48.0,33.6,61.1,22.6,75.7,115.9,Unhealthy for Sensitive Groups
Bengaluru,162.1,210.0,1.96,9.5,73.9,57.0,28.1,34.6,150.5,Unhealthy
Chennai,194.0,265.5,1.7,86.5,51.5,54.7,11.8,48.9,185.9,Unhealthy
Kolkata,64.4,21.7,3.7,77.6,54.8,99.2,30.7,39.6,85.6,Moderate
Jaipur,67.3,214.7,4.29,101.8,3.0,109.1,30.6,88.8,138.4,Unhealthy for Sensitive Groups
Pune,243.7,37.3,4.11,105.7,14.9,62.6,32.1,57.5,174.3,Unhealthy
Bengaluru,148.6,259.5,3.44,111.3,69.8,19.8,28.3,79.8,192.4,Unhealthy
Patna,188.4,326.2,1.91,40.4,79.0,115.2,10.1,25.2,207.9,Very Unhealthy
Jaipur,107.1,108.0,2.05,25.3,16.5,23.1,25.6,57.7,86.6,Moderate
Jaipur,204.5,73.1,0.45,26.0,61.2,40.0,38.9,50.7,129.3,Unhealthy for Sensitive Groups
Mumbai,31.8,226.4,0.54,14.9,11.7,13.7,10.9,37.6,78.9,Moderate
Patna,7.3,100.5,4.31,81.5,63.6,10.7,16.8,79.4,77.2,Moderate
Chennai,246.8,268.9,4.21,59.4,28.3,63.0,21.9,86.8,242.5,Very Unhealthy
Kolkata,235.5,236.1,1.83,11.6,29.8,49.6,13.2,54.3,193.2,Unhealthy
Patna,11.3,51.8,2.48,114.4,60.6,38.6,24.5,71.5,73.7,Moderate
Hyderabad,106.2,73.9,4.44,115.1,65.4,7.2,21.5,23.4,134.0,Unhealthy for Sensitive Groups
Mumbai,171.1,89.4,2.28,90.0,63.9,52.0,40.1,90.6,139.1,Unhealthy for Sensitive Groups
Mumbai,184.9,109.9,1.04,21.5,42.6,82.2,37.4,57.8,120.2,Unhealthy for Sensitive Groups
Chennai,78.8,238.8,2.56,105.6,15.1,65.2,13.7,69.7,129.5,Unhealthy for Sensitive Groups
Bengaluru,46.8,331.0,3.21,17.1,79.5,8.9,39.7,44.5,135.5,Unhealthy for Sensitive Groups
Hyderabad,59.0,97.6,2.25,108.2,11.6,23.3,27.1,74.4,75.5,Moderate
Patna,218.6,326.8,3.5,74.1,52.2,55.9,33.0,75.2,223.7,Very Unhealthy
Mumbai,241.7,158.6,1.2,34.8,24.7,20.0,20.9,64.4,157.3,Unhealthy
Pune,145.3,53.3,1.55,48.7,59.5,47.0,28.9,34.2,103.1,Unhealthy for Sensitive Groups
Lucknow,83.3,134.1,3.12,96.6,42.5,86.2,17.1,49.6,121.0,Unhealthy for Sensitive Groups
Delhi,82.4,287.5,1.48,30.2,55.0,24.9,19.1,76.0,141.9,Unhealthy for Sensitive Groups
Pune,151.7,115.0,4.46,19.2,79.8,100.4,25.3,82.2,148.8,Unhealthy for Sensitive Groups
Kolkata,19.4,285.5,0.86,87.4,68.1,131.1,17.2,75.2,127.4,Unhealthy for Sensitive Groups
Lucknow,214.9,257.3,1.49,98.7,73.2,26.5,10.7,49.4,193.1,Unhealthy
Kolkata,247.6,267.6,1.88,65.7,24.1,99.0,16.2,84.2,208.9,Very Unhealthy
Lucknow,84.2,279.0,3.92,11.2,74.9,46.0,30.9,63.3,148.1,Unhealthy for Sensitive Groups
Kolkata,76.3,59.2,1.14,91.1,59.4,6.2,33.2,63.2,82.5,Moderate
Patna,97.3,344.1,3.12,24.3,6.4,53.0,25.2,90.9,151.2,Unhealthy
Kolkata,164.3,211.8,4.37,77.1,33.5,9.6,17.7,56.6,182.4,Unhealthy
Lucknow,164.9,137.6,3.17,96.5,53.4,110.0,37.7,68.8,153.7,Unhealthy
Bengaluru,95.0,50.8,0.56,61.3,54.2,73.8,10.7,63.0,80.8,Moderate
Patna,175.0,42.1,2.75,49.2,80.0,99.9,19.5,29.4,126.8,Unhealthy for Sensitive Groups
Mumbai,50.3,286.4,0.28,68.9,43.8,114.6,25.6,58.9,120.9,Unhealthy for Sensitive Groups
Delhi,189.6,80.5,3.03,18.5,69.2,98.9,10.2,53.5,139.3,Unhealthy for Sensitive Groups
Patna,36.6,80.1,0.89,69.7,68.4,9.7,41.4,58.0,56.1,Moderate
Kolkata,47.0,342.2,3.03,33.6,5.6,132.7,38.9,42.0,146.7,Unhealthy for Sensitive Groups
Chennai,146.4,246.3,2.45,118.4,29.5,77.7,16.7,27.4,182.2,Unhealthy
Pune,14.0,58.2,3.88,29.7,12.5,79.5,28.9,40.8,69.8,Moderate
Patna,23.2,96.7,1.84,108.9,33.2,16.2,18.1,51.9,75.3,Moderate
Kolkata,54.9,224.1,1.36,77.8,52.4,101.5,28.0,68.6,114.9,Unhealthy for Sensitive Groups
Patna,107.8,62.2,4.47,54.9,4.0,86.5,12.5,29.3,102.7,Unhealthy for Sensitive Groups
Chennai,104.7,122.0,0.58,109.6,62.7,24.8,35.5,40.5,93.4,Moderate
Jaipur,97.8,45.7,4.18,25.2,58.8,46.4,36.3,56.7,101.5,Unhealthy for Sensitive Groups
Patna,217.0,197.5,2.81,108.1,15.3,132.8,22.5,45.9,203.5,Very Unhealthy
Jaipur,140.2,309.9,1.93,73.1,22.2,97.7,32.8,69.3,164.9,Unhealthy
Hyderabad,185.2,28.0,3.32,117.1,57.2,38.6,29.5,73.0,132.2,Unhealthy for Sensitive Groups
Bengaluru,200.6,180.8,1.39,54.2,75.5,124.0,36.0,42.9,180.2,Unhealthy
Patna,104.6,116.3,0.59,14.1,58.9,132.6,15.3,24.3,104.3,Unhealthy for Sensitive Groups
Patna,232.7,284.8,0.25,114.1,54.8,130.9,14.4,57.3,214.1,Very Unhealthy
Patna,176.0,147.9,2.85,109.8,60.2,101.4,32.5,76.2,159.7,Unhealthy
Kolkata,172.6,24.4,2.13,24.4,74.6,108.1,38.9,33.1,114.0,Unhealthy for Sensitive Groups
Mumbai,130.9,333.8,2.02,48.6,31.1,20.3,39.2,38.7,170.9,Unhealthy
Patna,76.1,174.3,1.34,5.3,51.2,58.1,39.5,89.7,111.3,Unhealthy for Sensitive Groups
Delhi,207.3,22.0,2.19,76.0,40.1,53.0,29.7,44.6,130.2,Unhealthy for Sensitive Groups
Lucknow,90.7,255.6,1.93,6.0,35.6,31.7,26.9,87.4,123.4,Unhealthy for Sensitive Groups
Lucknow,6.7,271.6,1.28,59.1,31.2,54.2,38.6,60.2,89.4,Moderate
Kolkata,165.8,159.4,0.8,90.9,2.5,124.3,32.7,28.3,136.9,Unhealthy for Sensitive Groups
Patna,101.7,262.9,4.07,23.4,17.5,69.7,31.3,39.9,151.5,Unhealthy
Kolkata,126.4,241.8,0.75,91.4,62.9,59.0,33.2,75.6,156.0,Unhealthy
Jaipur,31.9,46.7,0.29,22.9,41.0,108.6,17.6,70.9,37.9,Good
Mumbai,185.7,157.7,1.44,60.9,61.4,38.4,14.9,58.3,143.7,Unhealthy for Sensitive Groups
Kolkata,216.7,348.0,1.26,99.4,17.5,100.4,35.9,72.6,218.0,Very Unhealthy
Delhi,51.2,300.7,2.9,22.1,11.4,59.2,18.8,34.4,119.2,Unhealthy for Sensitive Groups
Patna,156.0,40.9,0.42,51.8,25.9,90.5,17.4,45.2,99.3,Moderate
Delhi,109.6,27.6,0.67,46.8,75.6,101.1,17.9,87.1,72.2,Moderate
Bengaluru,17.8,263.2,1.11,59.3,72.9,18.6,15.9,91.1,94.6,Moderate
Jaipur,32.3,237.4,3.14,93.6,12.2,53.7,35.9,75.7,120.4,Unhealthy for Sensitive Groups
Chennai,96.0,231.1,1.1,49.2,71.2,22.6,33.8,29.0,127.0,Unhealthy for Sensitive Groups
Kolkata,52.3,161.6,0.62,113.3,50.3,45.7,25.2,77.1,94.1,Moderate
Lucknow,15.7,75.2,2.57,34.0,70.4,120.2,39.0,93.1,77.4,Moderate
Kolkata,159.3,49.9,2.08,60.5,42.9,133.6,35.3,32.5,115.9,Unhealthy for Sensitive Groups
Mumbai,76.0,335.0,0.46,116.8,16.8,115.0,25.8,59.9,148.9,Unhealthy for Sensitive Groups
Delhi,45.6,265.2,1.85,94.6,33.3,41.7,15.9,32.0,112.9,Unhealthy for Sensitive Groups
Kolkata,220.4,278.8,2.16,86.4,43.0,46.0,17.1,73.1,207.3,Very Unhealthy
Chennai,59.9,191.4,1.45,78.6,75.5,42.5,14.3,85.5,93.8,Moderate
Bengaluru,247.4,81.4,0.7,79.6,51.3,136.2,20.4,91.0,174.4,Unhealthy
Kolkata,181.9,148.8,2.83,42.3,6.5,115.1,36.4,36.4,170.6,Unhealthy
Bengaluru,67.7,15.3,3.03,104.8,75.2,83.7,33.1,71.6,99.5,Moderate
Kolkata,218.2,225.7,2.57,98.9,19.2,41.3,28.6,80.6,202.0,Very Unhealthy
Jaipur,114.3,258.1,2.07,22.1,39.4,72.0,24.7,81.2,134.3,Unhealthy for Sensitive Groups
Mumbai,125.2,258.0,2.98,7.4,14.7,29.0,22.6,65.6,136.1,Unhealthy for Sensitive Groups
Pune,109.5,164.7,2.97,51.3,58.5,23.5,34.0,20.9,116.2,Unhealthy for Sensitive Groups
Delhi,10.1,291.0,3.48,79.1,5.4,38.5,12.7,30.7,123.9,Unhealthy for Sensitive Groups
Lucknow,199.1,13.2,3.6,67.4,65.8,120.1,12.7,30.4,153.3,Unhealthy
Patna,204.8,114.5,2.26,33.0,44.4,41.1,27.4,21.6,136.6,Unhealthy for Sensitive Groups
Chennai,77.7,183.9,3.8,21.3,73.1,8.2,23.7,31.1,125.6,Unhealthy for Sensitive Groups
Bengaluru,230.8,242.7,3.15,87.2,72.3,71.4,41.7,36.8,227.3,Very Unhealthy
Jaipur,92.5,219.3,0.71,111.2,73.8,125.9,29.3,33.4,134.4,Unhealthy for Sensitive Groups
Hyderabad,49.4,154.6,4.04,84.0,50.7,43.7,38.0,40.3,112.9,Unhealthy for Sensitive Groups
Pune,233.6,285.6,3.26,13.8,2.2,131.0,14.8,69.2,208.6,Very Unhealthy
Kolkata,114.4,280.9,4.4,98.7,10.8,62.7,33.3,30.9,171.7,Unhealthy
Chennai,49.6,140.9,1.57,53.7,56.1,60.9,35.4,45.0,96.0,Moderate
Chennai,98.9,196.8,2.52,61.6,43.8,36.1,12.7,73.6,129.9,Unhealthy for Sensitive Groups
Hyderabad,177.3,90.0,0.21,119.3,3.3,80.4,40.6,89.1,114.5,Unhealthy for Sensitive Groups
Chennai,93.4,298.8,3.55,21.0,37.9,117.8,27.6,89.9,157.2,Unhealthy
Mumbai,207.8,29.0,0.79,115.6,56.9,56.0,10.8,92.4,129.0,Unhealthy for Sensitive Groups
Pune,167.4,35.1,3.8,105.1,4.4,54.3,12.5,25.8,136.5,Unhealthy for Sensitive Groups
Delhi,41.7,72.0,3.4,91.0,56.5,45.4,23.2,45.3,93.8,Moderate
Lucknow,75.3,63.0,3.99,8.7,60.6,72.9,10.3,82.5,98.2,Moderate
Kolkata,140.8,292.0,4.15,62.7,57.3,62.2,15.0,93.0,188.5,Unhealthy
Lucknow,187.1,146.1,0.44,50.1,66.2,136.8,29.4,25.8,152.4,Unhealthy
Jaipur,81.7,228.2,3.76,24.0,64.7,92.3,16.2,28.1,126.5,Unhealthy for Sensitive Groups
Chennai,195.8,124.1,1.23,23.7,10.3,33.6,10.4,88.2,126.3,Unhealthy for Sensitive Groups
Bengaluru,161.4,21.0,1.36,117.3,46.1,81.1,35.3,23.4,110.2,Unhealthy for Sensitive Groups
Mumbai,7.1,131.3,1.41,50.8,17.2,106.5,33.2,93.0,69.8,Moderate
Delhi,86.2,314.8,2.37,62.8,62.5,8.2,35.5,55.8,162.5,Unhealthy
Kolkata,76.1,61.5,2.19,106.8,9.3,102.0,38.3,80.6,95.7,Moderate
Jaipur,248.4,180.6,4.47,75.0,42.8,108.8,24.3,29.8,208.7,Very Unhealthy
Lucknow,214.7,156.5,4.03,94.0,32.2,33.2,29.5,25.6,176.6,Unhealthy
Kolkata,28.9,15.1,3.5,40.6,69.7,112.6,38.6,57.4,63.0,Moderate
Bengaluru,233.8,64.9,1.4,46.8,9.0,29.2,34.7,39.3,141.6,Unhealthy for Sensitive Groups
Jaipur,192.0,160.3,4.17,113.1,77.8,70.9,21.6,41.5,185.3,Unhealthy
Delhi,229.7,53.9,1.78,102.2,76.3,55.4,31.8,57.9,149.3,Unhealthy for Sensitive Groups
Pune,157.1,228.9,3.39,33.2,66.1,6.1,37.3,41.8,155.5,Unhealthy
Kolkata,214.2,85.8,3.96,82.0,29.2,68.2,27.1,81.4,157.2,Unhealthy
Lucknow,184.3,321.9,4.17,93.3,17.6,49.4,20.2,94.7,215.2,Very Unhealthy
Delhi,33.0,164.6,2.54,114.1,13.4,33.8,28.2,94.1,105.1,Unhealthy for Sensitive Groups
Kolkata,234.4,132.9,2.05,59.4,6.2,122.2,40.5,71.3,166.2,Unhealthy
Delhi,25.5,33.5,1.94,39.3,57.6,122.6,26.8,70.2,47.2,Good
Kolkata,27.6,316.6,1.67,91.6,14.8,52.2,23.4,55.7,129.2,Unhealthy for Sensitive Groups
Jaipur,241.6,158.5,4.12,70.6,66.2,80.7,38.6,34.9,209.5,Very Unhealthy
Kolkata,156.0,120.1,4.44,113.0,59.9,104.5,20.1,31.3,163.6,Unhealthy
Lucknow,127.4,117.6,3.61,82.5,22.5,102.5,41.6,90.7,147.7,Unhealthy for Sensitive Groups
Chennai,161.5,206.6,0.36,90.8,16.6,99.0,34.8,65.1,140.6,Unhealthy for Sensitive Groups
Lucknow,238.3,340.4,2.68,6.7,65.5,7.2,38.7,57.7,231.6,Very Unhealthy
Pune,164.0,165.0,1.96,45.5,44.3,75.6,34.5,28.5,136.7,Unhealthy for Sensitive Groups
Mumbai,96.4,197.9,0.9,55.1,24.2,94.0,31.8,67.6,122.9,Unhealthy for Sensitive Groups
Mumbai,248.9,284.0,0.65,79.7,50.1,60.5,25.9,76.4,221.2,Very Unhealthy
Lucknow,160.2,181.1,3.67,81.8,68.4,33.6,34.9,61.4,155.3,Unhealthy
Chennai,237.9,129.2,3.61,58.4,72.8,92.1,35.1,49.7,202.5,Very Unhealthy
Delhi,129.4,101.0,3.03,40.4,72.4,127.8,31.5,20.3,140.8,Unhealthy for Sensitive Groups
Chennai,8.8,62.1,1.81,98.9,66.0,86.0,20.7,91.9,74.9,Moderate
Kolkata,141.2,143.1,2.85,50.2,6.0,130.8,23.7,90.5,136.0,Unhealthy for Sensitive Groups
Bengaluru,103.8,118.2,0.88,31.6,57.4,22.1,13.8,63.3,90.9,Moderate
Patna,210.1,64.1,1.59,15.7,4.0,6.6,34.6,31.5,130.0,Unhealthy for Sensitive Groups
Chennai,230.5,36.8,1.84,90.4,12.2,66.3,30.2,46.9,139.0,Unhealthy for Sensitive Groups
Delhi,77.7,192.0,1.25,94.7,63.3,109.0,31.1,40.6,132.9,Unhealthy for Sensitive Groups
Lucknow,161.4,207.0,0.64,57.8,48.5,19.5,19.0,87.1,131.2,Unhealthy for Sensitive Groups
Pune,211.9,320.3,1.09,16.6,64.0,60.9,25.6,66.9,187.3,Unhealthy
Delhi,96.9,116.6,4.11,98.0,16.0,6.4,15.7,62.5,125.3,Unhealthy for Sensitive Groups
Jaipur,33.7,126.6,1.69,119.4,48.8,5.7,26.7,39.1,71.2,Moderate
Kolkata,12.2,17.8,2.4,22.5,69.6,20.5,16.9,44.6,31.1,Good
Pune,70.6,173.7,4.3,45.1,45.0,44.7,33.8,57.2,123.5,Unhealthy for Sensitive Groups
Kolkata,231.0,95.0,1.05,102.3,58.0,134.9,13.3,79.5,168.2,Unhealthy
Pune,199.6,334.3,2.3,106.5,35.1,105.9,36.1,66.7,221.2,Very Unhealthy
Jaipur,53.9,130.0,4.06,99.2,37.1,125.1,40.7,39.0,113.1,Unhealthy for Sensitive Groups
Mumbai,207.5,229.3,4.35,45.5,4.3,29.3,20.3,79.3,190.5,Unhealthy
Hyderabad,57.7,136.4,0.82,41.2,2.8,97.9,32.9,36.0,81.9,Moderate
Mumbai,225.2,201.0,1.86,74.2,43.1,18.9,18.9,65.6,193.9,Unhealthy
Bengaluru,145.6,229.7,3.13,55.0,65.4,31.8,11.6,57.0,150.1,Unhealthy
Delhi,108.2,52.2,0.94,42.6,31.9,82.8,19.1,68.3,94.7,Moderate
Mumbai,228.4,106.7,3.82,51.3,71.9,128.9,11.3,68.4,169.6,Unhealthy
Bengaluru,208.3,151.1,1.49,41.5,29.0,15.8,34.8,57.0,139.5,Unhealthy for Sensitive Groups
Delhi,175.6,164.6,3.85,116.2,11.5,55.5,29.8,22.2,159.6,Unhealthy
Patna,39.0,347.8,3.9,88.3,19.7,16.9,33.2,80.9,161.2,Unhealthy
Jaipur,247.4,327.6,3.93,34.9,63.2,20.0,40.3,25.6,231.2,Very Unhealthy
Pune,198.9,139.0,3.2,111.4,47.5,21.2,20.2,31.1,174.4,Unhealthy
Mumbai,161.0,237.2,2.44,32.7,39.3,71.2,19.0,77.9,163.8,Unhealthy
Lucknow,69.6,110.7,0.56,69.2,70.1,94.0,33.5,35.4,73.4,Moderate
Hyderabad,19.8,14.5,1.13,99.1,16.7,19.1,16.7,64.3,39.9,Good
Jaipur,191.3,116.0,2.15,22.7,41.4,128.4,17.0,47.3,162.2,Unhealthy
Mumbai,130.8,275.2,1.01,37.0,14.8,46.5,37.8,68.6,135.1,Unhealthy for Sensitive Groups
Mumbai,187.5,91.8,4.04,26.5,4.2,94.4,24.5,39.9,163.4,Unhealthy
Pune,91.8,82.1,1.91,54.5,28.0,64.6,21.8,23.7,88.5,Moderate
Mumbai,52.5,74.4,0.96,36.7,49.4,75.0,13.5,23.7,57.1,Moderate
Pune,58.8,28.1,0.35,35.6,7.1,18.6,17.2,66.5,50.0,Good
Bengaluru,101.3,84.8,3.74,84.5,40.6,28.1,16.5,67.8,120.8,Unhealthy for Sensitive Groups
Mumbai,184.8,42.0,2.36,85.6,39.2,46.2,39.0,37.9,126.2,Unhealthy for Sensitive Groups
Kolkata,45.8,122.9,2.16,115.7,54.0,62.8,10.7,93.1,106.1,Unhealthy for Sensitive Groups
Jaipur,171.4,300.1,2.75,116.5,47.5,70.9,17.9,28.2,210.0,Very Unhealthy
Lucknow,171.6,108.8,1.18,62.9,60.9,109.7,13.2,80.3,130.9,Unhealthy for Sensitive Groups
Jaipur,185.0,346.5,1.31,60.9,30.4,6.8,21.3,73.3,204.1,Very Unhealthy
Delhi,123.7,101.8,2.43,78.6,13.5,60.4,17.0,94.6,113.4,Unhealthy for Sensitive Groups
Patna,64.9,261.9,4.39,46.3,60.1,31.2,40.6,67.9,157.7,Unhealthy
Bengaluru,225.3,162.8,4.32,65.6,22.7,96.7,38.4,49.3,192.6,Unhealthy
Bengaluru,80.8,24.0,2.44,44.5,49.8,63.5,24.6,92.6,85.8,Moderate
Lucknow,32.0,12.8,4.19,21.9,55.1,75.6,19.3,61.9,54.0,Moderate
Delhi,75.6,281.9,0.27,9.7,24.1,85.1,11.7,42.9,113.9,Unhealthy for Sensitive Groups
Kolkata,17.2,56.8,3.98,95.3,41.2,134.4,27.9,91.5,87.2,Moderate
Pune,249.0,76.9,2.72,14.3,19.1,68.9,21.3,80.9,165.6,Unhealthy
Kolkata,102.8,317.4,4.04,110.8,48.6,28.4,23.9,85.7,189.6,Unhealthy
Pune,172.4,77.8,0.78,68.7,25.5,16.6,28.1,67.1,118.2,Unhealthy for Sensitive Groups
Lucknow,196.7,293.5,0.61,65.6,56.1,73.0,31.9,46.8,181.8,Unhealthy
Chennai,108.0,149.5,0.32,69.3,76.7,61.8,34.2,66.1,103.5,Unhealthy for Sensitive Groups
Lucknow,147.2,136.9,2.87,108.5,70.5,12.2,37.0,29.4,151.3,Unhealthy
Bengaluru,202.8,307.5,2.18,11.2,6.3,117.0,30.8,45.0,183.9,Unhealthy
Patna,143.5,244.8,3.92,19.0,47.6,74.0,32.9,72.6,169.5,Unhealthy
Lucknow,186.4,178.4,1.16,82.7,68.5,45.6,19.9,94.2,144.0,Unhealthy for Sensitive Groups
Patna,157.8,78.2,0.49,22.6,70.6,75.2,17.9,27.8,94.5,Moderate
Lucknow,113.7,28.9,0.72,51.5,78.7,115.7,36.9,61.0,95.9,Moderate
